age,Medu,Fedu,traveltime,studytime,failures,famrel,freetime,goout,Dalc,Walc,health,absences,school_MS,sex_M,address_U,famsize_LE3,Pstatus_T,Mjob_health,Mjob_other,Mjob_services,Mjob_teacher,Fjob_health,Fjob_other,Fjob_services,Fjob_teacher,reason_home,reason_other,reason_reputation,guardian_mother,guardian_other,schoolsup_yes,famsup_yes,paid_yes,activities_yes,nursery_yes,higher_yes,internet_yes,romantic_yes,G3
16.0,3.0,3.0,1.0,2.0,0.0,4.0,2.0,3.0,1.0,2.0,3.0,2.0,0.0,1.0,1.0,0.0,1.0,0.0,0.0,1.0,0.0,0.0,1.0,0.0,0.0,1.0,0.0,0.0,1.0,0.0,0.0,0.0,1.0,1.0,1.0,1.0,1.0,1.0,12.0
16.0,2.0,3.0,2.0,1.0,0.0,5.0,3.0,3.0,1.0,1.0,3.0,0.0,0.0,1.0,1.0,0.0,1.0,0.0,1.0,0.0,0.0,0.0,1.0,0.0,0.0,1.0,0.0,0.0,0.0,0.0,0.0,0.0,0.0,0.0,1.0,1.0,1.0,0.0,14.0
16.0,1.0,3.0,1.0,2.0,3.0,4.0,3.0,5.0,1.0,1.0,3.0,0.0,0.0,0.0,1.0,0.0,1.0,0.0,0.0,0.0,0.0,0.0,0.0,1.0,0.0,1.0,0.0,0.0,1.0,0.0,0.0,0.0,0.0,1.0,0.0,1.0,1.0,1.0,0.0
16.0,4.0,3.0,1.0,3.0,0.0,3.0,4.0,4.0,2.0,4.0,4.0,2.0,0.0,0.0,1.0,0.0,1.0,0.0,0.0,0.0,1.0,1.0,0.0,0.0,0.0,1.0,0.0,0.0,1.0,0.0,1.0,1.0,1.0,1.0,1.0,1.0,1.0,0.0,9.0
16.0,2.0,1.0,2.0,1.0,0.0,3.0,3.0,2.0,1.0,3.0,3.0,0.0,0.0,1.0,0.0,0.0,1.0,0.0,1.0,0.0,0.0,0.0,1.0,0.0,0.0,0.0,0.0,0.0,1.0,0.0,0.0,0.0,0.0,1.0,0.0,1.0,0.0,0.0,8.0
18.0,3.0,1.0,1.0,2.0,1.0,5.0,3.0,3.0,1.0,1.0,4.0,16.0,0.0,0.0,0.0,0.0,1.0,0.0,1.0,0.0,0.0,0.0,1.0,0.0,0.0,0.0,0.0,1.0,1.0,0.0,0.0,0.0,0.0,1.0,1.0,1.0,1.0,1.0,7.0
17.0,2.0,4.0,1.0,3.0,0.0,4.0,4.0,3.0,1.0,1.0,5.0,7.0,0.0,0.0,0.0,0.0,1.0,0.0,0.0,0.0,0.0,0.0,1.0,0.0,0.0,0.0,0.0,0.0,0.0,0.0,0.0,1.0,0.0,0.0,1.0,1.0,1.0,1.0,14.0
19.0,1.0,1.0,2.0,1.0,1.0,4.0,3.0,2.0,1.0,3.0,5.0,0.0,1.0,1.0,0.0,0.0,1.0,0.0,1.0,0.0,0.0,0.0,0.0,1.0,0.0,0.0,1.0,0.0,1.0,0.0,0.0,0.0,0.0,0.0,1.0,1.0,0.0,0.0,0.0
17.0,2.0,3.0,1.0,2.0,0.0,5.0,3.0,3.0,1.0,3.0,3.0,2.0,0.0,1.0,1.0,1.0,1.0,0.0,0.0,1.0,0.0,0.0,0.0,1.0,0.0,0.0,0.0,1.0,0.0,0.0,0.0,1.0,1.0,0.0,0.0,1.0,1.0,0.0,12.0
18.0,3.0,4.0,1.0,2.0,0.0,4.0,3.0,3.0,1.0,3.0,5.0,11.0,0.0,1.0,1.0,1.0,1.0,0.0,0.0,1.0,0.0,0.0,1.0,0.0,0.0,1.0,0.0,0.0,1.0,0.0,0.0,0.0,0.0,1.0,1.0,1.0,1.0,1.0,15.0
15.0,1.0,1.0,3.0,1.0,0.0,4.0,3.0,3.0,1.0,2.0,4.0,0.0,0.0,0.0,1.0,0.0,1.0,0.0,0.0,0.0,0.0,0.0,1.0,0.0,0.0,0.0,0.0,0.0,1.0,0.0,0.0,1.0,0.0,1.0,0.0,1.0,1.0,1.0,0.0
17.0,4.0,3.0,1.0,2.0,0.0,5.0,2.0,2.0,1.0,2.0,5.0,23.0,0.0,0.0,1.0,0.0,0.0,0.0,0.0,1.0,0.0,0.0,0.0,1.0,0.0,0.0,0.0,0.0,1.0,0.0,0.0,1.0,1.0,0.0,1.0,1.0,1.0,1.0,13.0
17.0,4.0,3.0,2.0,2.0,0.0,4.0,4.0,4.0,4.0,4.0,4.0,4.0,0.0,1.0,1.0,1.0,1.0,0.0,0.0,0.0,1.0,0.0,1.0,0.0,0.0,0.0,0.0,0.0,1.0,0.0,0.0,0.0,1.0,1.0,1.0,1.0,1.0,0.0,9.0
17.0,2.0,1.0,3.0,2.0,0.0,2.0,1.0,1.0,1.0,1.0,3.0,2.0,0.0,0.0,0.0,0.0,1.0,0.0,0.0,0.0,0.0,0.0,0.0,1.0,0.0,0.0,0.0,0.0,1.0,0.0,0.0,0.0,0.0,1.0,1.0,1.0,0.0,0.0,11.0
18.0,2.0,3.0,2.0,1.0,0.0,5.0,2.0,3.0,1.0,2.0,4.0,0.0,1.0,0.0,1.0,0.0,1.0,0.0,0.0,0.0,0.0,0.0,0.0,1.0,0.0,0.0,0.0,0.0,0.0,0.0,0.0,1.0,1.0,0.0,1.0,1.0,1.0,1.0,10.0
17.0,1.0,1.0,3.0,1.0,1.0,5.0,2.0,1.0,1.0,2.0,1.0,0.0,1.0,0.0,0.0,0.0,1.0,0.0,1.0,0.0,0.0,0.0,0.0,1.0,0.0,0.0,0.0,1.0,1.0,0.0,0.0,1.0,1.0,0.0,1.0,1.0,1.0,1.0,0.0
19.0,3.0,3.0,1.0,4.0,0.0,4.0,3.0,3.0,1.0,2.0,3.0,10.0,0.0,0.0,1.0,0.0,1.0,0.0,1.0,0.0,0.0,0.0,1.0,0.0,0.0,0.0,0.0,1.0,0.0,1.0,0.0,1.0,1.0,1.0,1.0,1.0,1.0,0.0,8.0
15.0,4.0,3.0,1.0,2.0,0.0,4.0,3.0,3.0,2.0,3.0,5.0,6.0,0.0,1.0,1.0,0.0,1.0,0.0,0.0,0.0,1.0,0.0,1.0,0.0,0.0,1.0,0.0,0.0,1.0,0.0,0.0,1.0,1.0,1.0,1.0,1.0,1.0,0.0,10.0
15.0,3.0,4.0,1.0,2.0,0.0,5.0,4.0,4.0,1.0,1.0,1.0,0.0,0.0,1.0,1.0,0.0,0.0,0.0,0.0,1.0,0.0,0.0,1.0,0.0,0.0,0.0,0.0,0.0,1.0,0.0,0.0,1.0,1.0,1.0,1.0,1.0,1.0,0.0,18.0
18.0,4.0,4.0,2.0,3.0,0.0,5.0,4.0,4.0,1.0,1.0,1.0,0.0,1.0,0.0,0.0,1.0,1.0,0.0,1.0,0.0,0.0,0.0,1.0,0.0,0.0,0.0,0.0,1.0,1.0,0.0,0.0,0.0,0.0,0.0,1.0,1.0,1.0,0.0,19.0
16.0,4.0,4.0,1.0,3.0,0.0,3.0,2.0,3.0,1.0,2.0,2.0,6.0,0.0,0.0,1.0,0.0,1.0,0.0,0.0,1.0,0.0,0.0,0.0,1.0,0.0,0.0,0.0,1.0,1.0,0.0,0.0,1.0,1.0,1.0,1.0,1.0,1.0,0.0,14.0
15.0,4.0,4.0,1.0,4.0,0.0,1.0,3.0,3.0,5.0,5.0,3.0,4.0,0.0,1.0,1.0,0.0,0.0,0.0,1.0,0.0,0.0,0.0,0.0,1.0,0.0,0.0,0.0,1.0,1.0,0.0,0.0,1.0,0.0,1.0,0.0,1.0,1.0,1.0,12.0
17.0,4.0,4.0,1.0,2.0,0.0,5.0,3.0,5.0,4.0,5.0,3.0,13.0,0.0,1.0,1.0,1.0,1.0,0.0,0.0,1.0,0.0,0.0,1.0,0.0,0.0,1.0,0.0,0.0,1.0,0.0,0.0,1.0,1.0,0.0,1.0,1.0,1.0,1.0,13.0
17.0,4.0,4.0,2.0,2.0,0.0,4.0,1.0,4.0,1.0,1.0,1.0,6.0,0.0,0.0,1.0,0.0,0.0,0.0,1.0,0.0,0.0,0.0,0.0,0.0,1.0,1.0,0.0,0.0,1.0,0.0,1.0,1.0,0.0,0.0,1.0,1.0,0.0,0.0,6.0
16.0,4.0,3.0,1.0,1.0,0.0,3.0,1.0,3.0,1.0,3.0,5.0,4.0,0.0,1.0,1.0,1.0,1.0,1.0,0.0,0.0,0.0,0.0,1.0,0.0,0.0,1.0,0.0,0.0,0.0,0.0,0.0,0.0,1.0,1.0,1.0,1.0,1.0,0.0,10.0
17.0,4.0,4.0,2.0,1.0,0.0,4.0,1.0,1.0,2.0,2.0,5.0,0.0,0.0,1.0,1.0,1.0,1.0,0.0,1.0,0.0,0.0,0.0,0.0,0.0,1.0,1.0,0.0,0.0,0.0,0.0,0.0,0.0,1.0,0.0,1.0,1.0,1.0,0.0,10.0
19.0,1.0,1.0,3.0,2.0,3.0,5.0,4.0,4.0,3.0,3.0,2.0,8.0,1.0,1.0,0.0,0.0,1.0,0.0,1.0,0.0,0.0,0.0,0.0,1.0,0.0,1.0,0.0,0.0,0.0,1.0,0.0,0.0,0.0,0.0,1.0,1.0,1.0,0.0,8.0
18.0,1.0,3.0,2.0,2.0,0.0,3.0,3.0,4.0,2.0,4.0,3.0,4.0,1.0,1.0,0.0,0.0,1.0,0.0,0.0,0.0,0.0,0.0,1.0,0.0,0.0,0.0,0.0,0.0,1.0,0.0,0.0,1.0,1.0,0.0,1.0,1.0,0.0,0.0,10.0
17.0,1.0,3.0,3.0,2.0,1.0,5.0,2.0,4.0,1.0,4.0,5.0,20.0,0.0,1.0,0.0,0.0,1.0,0.0,1.0,0.0,0.0,0.0,1.0,0.0,0.0,0.0,0.0,0.0,0.0,0.0,0.0,1.0,0.0,1.0,1.0,1.0,1.0,0.0,8.0
17.0,2.0,2.0,1.0,2.0,0.0,4.0,2.0,2.0,1.0,1.0,3.0,12.0,0.0,0.0,1.0,0.0,1.0,0.0,1.0,0.0,0.0,0.0,1.0,0.0,0.0,0.0,0.0,0.0,1.0,0.0,0.0,1.0,0.0,0.0,1.0,1.0,0.0,1.0,9.0
19.0,4.0,4.0,2.0,2.0,0.0,2.0,3.0,4.0,2.0,3.0,2.0,0.0,0.0,0.0,1.0,0.0,1.0,1.0,0.0,0.0,0.0,0.0,1.0,0.0,0.0,0.0,0.0,1.0,0.0,1.0,0.0,1.0,1.0,1.0,1.0,1.0,1.0,0.0,0.0
18.0,2.0,1.0,2.0,1.0,0.0,4.0,4.0,3.0,1.0,3.0,5.0,5.0,1.0,1.0,0.0,0.0,1.0,0.0,1.0,0.0,0.0,0.0,1.0,0.0,0.0,0.0,1.0,0.0,1.0,0.0,0.0,0.0,0.0,1.0,0.0,1.0,1.0,1.0,7.0
17.0,1.0,2.0,1.0,1.0,0.0,3.0,5.0,5.0,1.0,3.0,1.0,14.0,1.0,0.0,0.0,0.0,1.0,0.0,1.0,0.0,0.0,0.0,1.0,0.0,0.0,0.0,0.0,0.0,1.0,0.0,0.0,0.0,0.0,1.0,1.0,1.0,1.0,0.0,5.0
16.0,4.0,4.0,1.0,2.0,0.0,2.0,4.0,4.0,2.0,3.0,4.0,6.0,0.0,0.0,0.0,0.0,1.0,1.0,0.0,0.0,0.0,0.0,0.0,0.0,1.0,0.0,1.0,0.0,1.0,0.0,0.0,1.0,0.0,1.0,1.0,1.0,0.0,0.0,11.0
16.0,3.0,4.0,1.0,2.0,0.0,2.0,4.0,3.0,1.0,2.0,3.0,12.0,0.0,0.0,1.0,0.0,1.0,0.0,0.0,0.0,0.0,0.0,1.0,0.0,0.0,0.0,0.0,0.0,1.0,0.0,0.0,1.0,0.0,0.0,1.0,1.0,1.0,0.0,5.0
17.0,3.0,2.0,1.0,1.0,1.0,4.0,4.0,4.0,3.0,4.0,3.0,19.0,0.0,1.0,1.0,1.0,0.0,0.0,0.0,0.0,1.0,0.0,0.0,1.0,0.0,1.0,0.0,0.0,1.0,0.0,0.0,0.0,0.0,0.0,1.0,1.0,1.0,0.0,10.0
16.0,2.0,1.0,3.0,1.0,0.0,4.0,3.0,3.0,1.0,1.0,4.0,6.0,0.0,1.0,1.0,0.0,1.0,0.0,1.0,0.0,0.0,0.0,1.0,0.0,0.0,0.0,0.0,0.0,1.0,0.0,0.0,0.0,0.0,0.0,1.0,1.0,1.0,0.0,18.0
18.0,3.0,2.0,2.0,1.0,1.0,4.0,4.0,5.0,2.0,4.0,5.0,0.0,0.0,1.0,1.0,0.0,1.0,0.0,0.0,1.0,0.0,0.0,1.0,0.0,0.0,0.0,0.0,0.0,1.0,0.0,0.0,0.0,0.0,0.0,1.0,0.0,1.0,0.0,8.0
17.0,2.0,3.0,2.0,1.0,0.0,3.0,3.0,3.0,1.0,4.0,3.0,3.0,0.0,0.0,1.0,0.0,1.0,0.0,0.0,0.0,0.0,0.0,1.0,0.0,0.0,1.0,0.0,0.0,0.0,0.0,0.0,1.0,1.0,0.0,1.0,1.0,0.0,0.0,8.0
16.0,4.0,4.0,1.0,3.0,0.0,5.0,4.0,5.0,1.0,1.0,4.0,4.0,0.0,0.0,1.0,1.0,1.0,1.0,0.0,0.0,0.0,1.0,0.0,0.0,0.0,0.0,1.0,0.0,1.0,0.0,0.0,1.0,1.0,1.0,1.0,1.0,1.0,1.0,16.0
16.0,3.0,3.0,3.0,2.0,0.0,5.0,3.0,2.0,1.0,1.0,4.0,4.0,0.0,0.0,1.0,0.0,1.0,0.0,1.0,0.0,0.0,0.0,1.0,0.0,0.0,0.0,0.0,1.0,1.0,0.0,1.0,1.0,0.0,1.0,1.0,1.0,0.0,0.0,10.0
16.0,3.0,2.0,2.0,1.0,1.0,4.0,5.0,2.0,1.0,1.0,2.0,16.0,0.0,1.0,1.0,0.0,1.0,0.0,0.0,1.0,0.0,0.0,0.0,1.0,0.0,0.0,0.0,0.0,1.0,0.0,0.0,1.0,0.0,1.0,0.0,0.0,0.0,0.0,12.0
15.0,2.0,4.0,1.0,3.0,0.0,4.0,3.0,2.0,1.0,1.0,5.0,2.0,0.0,0.0,0.0,0.0,1.0,0.0,0.0,1.0,0.0,1.0,0.0,0.0,0.0,0.0,0.0,0.0,1.0,0.0,1.0,1.0,1.0,1.0,1.0,1.0,1.0,0.0,8.0
15.0,3.0,4.0,1.0,2.0,0.0,5.0,3.0,2.0,1.0,1.0,1.0,0.0,0.0,0.0,1.0,1.0,0.0,0.0,1.0,0.0,0.0,0.0,1.0,0.0,0.0,1.0,0.0,0.0,1.0,0.0,1.0,0.0,0.0,1.0,1.0,1.0,1.0,1.0,11.0
18.0,4.0,3.0,1.0,3.0,0.0,5.0,3.0,2.0,1.0,2.0,4.0,9.0,0.0,1.0,0.0,0.0,1.0,0.0,0.0,0.0,1.0,0.0,0.0,1.0,0.0,0.0,0.0,0.0,1.0,0.0,0.0,0.0,0.0,0.0,1.0,1.0,1.0,1.0,16.0
16.0,2.0,2.0,2.0,2.0,0.0,3.0,4.0,4.0,1.0,4.0,5.0,2.0,0.0,0.0,1.0,0.0,1.0,0.0,0.0,1.0,0.0,0.0,1.0,0.0,0.0,0.0,0.0,1.0,1.0,0.0,0.0,0.0,1.0,1.0,0.0,1.0,1.0,0.0,11.0
17.0,2.0,2.0,2.0,2.0,0.0,4.0,4.0,4.0,2.0,3.0,5.0,6.0,0.0,0.0,1.0,1.0,1.0,0.0,0.0,1.0,0.0,0.0,1.0,0.0,0.0,0.0,0.0,0.0,1.0,0.0,1.0,1.0,1.0,0.0,1.0,1.0,1.0,1.0,12.0
17.0,2.0,3.0,2.0,1.0,0.0,5.0,2.0,2.0,1.0,1.0,2.0,4.0,0.0,1.0,1.0,0.0,1.0,0.0,1.0,0.0,0.0,0.0,1.0,0.0,0.0,0.0,0.0,0.0,0.0,0.0,0.0,0.0,0.0,0.0,1.0,1.0,1.0,0.0,13.0
18.0,2.0,2.0,1.0,2.0,1.0,5.0,5.0,4.0,3.0,5.0,2.0,0.0,0.0,1.0,1.0,0.0,1.0,0.0,1.0,0.0,0.0,0.0,0.0,1.0,0.0,0.0,0.0,1.0,0.0,0.0,0.0,0.0,0.0,0.0,1.0,0.0,1.0,0.0,0.0
19.0,3.0,2.0,1.0,1.0,3.0,4.0,5.0,4.0,1.0,1.0,4.0,0.0,0.0,1.0,1.0,0.0,1.0,0.0,0.0,1.0,0.0,0.0,0.0,0.0,0.0,1.0,0.0,0.0,1.0,0.0,0.0,1.0,0.0,0.0,1.0,0.0,1.0,1.0,0.0
18.0,4.0,3.0,1.0,2.0,0.0,4.0,3.0,2.0,1.0,1.0,3.0,2.0,0.0,1.0,1.0,0.0,1.0,0.0,0.0,0.0,1.0,0.0,1.0,0.0,0.0,0.0,0.0,0.0,1.0,0.0,0.0,1.0,1.0,0.0,0.0,1.0,1.0,0.0,8.0
18.0,3.0,2.0,1.0,3.0,0.0,5.0,3.0,2.0,1.0,1.0,3.0,1.0,0.0,1.0,0.0,0.0,1.0,0.0,1.0,0.0,0.0,0.0,1.0,0.0,0.0,0.0,0.0,0.0,1.0,0.0,0.0,0.0,0.0,1.0,0.0,1.0,0.0,0.0,12.0
17.0,4.0,4.0,1.0,2.0,0.0,4.0,4.0,4.0,1.0,3.0,5.0,0.0,0.0,1.0,1.0,1.0,1.0,0.0,0.0,0.0,1.0,0.0,1.0,0.0,0.0,0.0,0.0,1.0,1.0,0.0,0.0,1.0,1.0,1.0,1.0,1.0,1.0,0.0,10.0
15.0,3.0,4.0,1.0,1.0,0.0,3.0,4.0,3.0,1.0,2.0,4.0,6.0,0.0,1.0,1.0,0.0,1.0,0.0,1.0,0.0,0.0,0.0,1.0,0.0,0.0,0.0,0.0,1.0,0.0,0.0,0.0,0.0,0.0,0.0,1.0,1.0,1.0,0.0,13.0
18.0,1.0,1.0,2.0,2.0,1.0,1.0,1.0,1.0,1.0,1.0,5.0,0.0,1.0,0.0,1.0,0.0,1.0,0.0,1.0,0.0,0.0,0.0,1.0,0.0,0.0,0.0,0.0,0.0,1.0,0.0,0.0,0.0,0.0,1.0,1.0,1.0,0.0,0.0,0.0
17.0,4.0,4.0,2.0,1.0,1.0,4.0,2.0,4.0,2.0,3.0,2.0,24.0,0.0,0.0,1.0,0.0,1.0,0.0,0.0,1.0,0.0,0.0,0.0,0.0,1.0,1.0,0.0,0.0,1.0,0.0,0.0,1.0,0.0,0.0,1.0,1.0,1.0,0.0,18.0
15.0,4.0,4.0,2.0,1.0,0.0,4.0,3.0,2.0,1.0,1.0,5.0,0.0,0.0,0.0,1.0,0.0,1.0,0.0,0.0,0.0,1.0,0.0,0.0,0.0,1.0,0.0,0.0,0.0,1.0,0.0,0.0,0.0,0.0,1.0,1.0,1.0,1.0,0.0,15.0
16.0,4.0,4.0,1.0,1.0,0.0,3.0,3.0,2.0,2.0,1.0,5.0,0.0,0.0,1.0,1.0,0.0,1.0,0.0,0.0,0.0,1.0,0.0,0.0,0.0,1.0,0.0,0.0,0.0,1.0,0.0,0.0,1.0,0.0,0.0,1.0,0.0,1.0,1.0,0.0
17.0,2.0,2.0,1.0,3.0,0.0,3.0,3.0,2.0,2.0,2.0,3.0,3.0,0.0,0.0,0.0,1.0,1.0,0.0,0.0,1.0,0.0,0.0,0.0,1.0,0.0,0.0,0.0,0.0,1.0,0.0,0.0,1.0,1.0,1.0,1.0,1.0,1.0,0.0,11.0
15.0,4.0,3.0,1.0,3.0,0.0,5.0,4.0,3.0,1.0,1.0,4.0,2.0,0.0,1.0,1.0,1.0,1.0,0.0,0.0,0.0,1.0,0.0,0.0,1.0,0.0,1.0,0.0,0.0,1.0,0.0,0.0,1.0,0.0,1.0,1.0,1.0,1.0,0.0,18.0
17.0,1.0,1.0,1.0,3.0,0.0,4.0,3.0,3.0,1.0,1.0,3.0,6.0,0.0,0.0,1.0,0.0,1.0,0.0,0.0,1.0,0.0,0.0,0.0,0.0,1.0,0.0,0.0,1.0,1.0,0.0,0.0,1.0,1.0,0.0,1.0,1.0,1.0,0.0,12.0
15.0,3.0,3.0,2.0,3.0,2.0,4.0,2.0,1.0,2.0,3.0,3.0,8.0,0.0,0.0,0.0,0.0,1.0,0.0,0.0,1.0,0.0,0.0,0.0,1.0,0.0,0.0,0.0,1.0,0.0,1.0,0.0,1.0,1.0,1.0,1.0,1.0,1.0,1.0,10.0
18.0,3.0,2.0,2.0,1.0,1.0,2.0,5.0,5.0,5.0,5.0,5.0,10.0,1.0,1.0,0.0,0.0,1.0,0.0,1.0,0.0,0.0,0.0,1.0,0.0,0.0,0.0,0.0,0.0,1.0,0.0,0.0,1.0,0.0,0.0,0.0,1.0,1.0,0.0,13.0
17.0,2.0,3.0,2.0,2.0,0.0,4.0,4.0,3.0,1.0,1.0,3.0,2.0,1.0,1.0,1.0,0.0,1.0,0.0,1.0,0.0,0.0,0.0,0.0,1.0,0.0,1.0,0.0,0.0,0.0,0.0,0.0,0.0,0.0,1.0,1.0,1.0,1.0,0.0,10.0
16.0,4.0,2.0,1.0,2.0,0.0,4.0,2.0,3.0,1.0,1.0,5.0,2.0,0.0,0.0,1.0,0.0,1.0,0.0,0.0,1.0,0.0,0.0,1.0,0.0,0.0,0.0,0.0,0.0,1.0,0.0,0.0,1.0,0.0,0.0,1.0,1.0,1.0,0.0,16.0
16.0,3.0,3.0,1.0,3.0,1.0,4.0,1.0,2.0,1.0,1.0,2.0,0.0,0.0,0.0,0.0,0.0,1.0,0.0,0.0,1.0,0.0,0.0,1.0,0.0,0.0,0.0,0.0,1.0,0.0,0.0,1.0,1.0,0.0,1.0,1.0,1.0,1.0,0.0,10.0
18.0,4.0,4.0,1.0,3.0,0.0,4.0,3.0,3.0,2.0,2.0,3.0,3.0,0.0,1.0,1.0,0.0,1.0,0.0,1.0,0.0,0.0,0.0,1.0,0.0,0.0,0.0,0.0,0.0,1.0,0.0,0.0,0.0,0.0,1.0,1.0,1.0,1.0,0.0,11.0
16.0,0.0,2.0,1.0,1.0,0.0,4.0,3.0,2.0,2.0,4.0,5.0,0.0,0.0,1.0,1.0,0.0,1.0,0.0,1.0,0.0,0.0,0.0,1.0,0.0,0.0,0.0,1.0,0.0,1.0,0.0,0.0,0.0,1.0,0.0,0.0,1.0,1.0,0.0,15.0
16.0,2.0,2.0,1.0,2.0,0.0,4.0,4.0,4.0,1.0,1.0,3.0,0.0,0.0,1.0,1.0,1.0,1.0,0.0,1.0,0.0,0.0,0.0,1.0,0.0,0.0,1.0,0.0,0.0,1.0,0.0,0.0,0.0,0.0,0.0,1.0,1.0,1.0,0.0,11.0
17.0,2.0,2.0,1.0,2.0,0.0,5.0,4.0,5.0,1.0,2.0,5.0,4.0,0.0,0.0,1.0,0.0,1.0,0.0,1.0,0.0,0.0,0.0,1.0,0.0,0.0,0.0,0.0,0.0,1.0,0.0,0.0,1.0,0.0,0.0,0.0,1.0,1.0,0.0,11.0
18.0,2.0,3.0,1.0,4.0,0.0,4.0,5.0,5.0,1.0,3.0,2.0,4.0,0.0,0.0,1.0,0.0,1.0,0.0,1.0,0.0,0.0,0.0,0.0,1.0,0.0,0.0,0.0,1.0,0.0,0.0,0.0,1.0,1.0,1.0,1.0,1.0,1.0,1.0,14.0
18.0,1.0,1.0,1.0,1.0,3.0,2.0,3.0,5.0,2.0,5.0,4.0,0.0,0.0,1.0,1.0,1.0,1.0,0.0,1.0,0.0,0.0,0.0,1.0,0.0,0.0,0.0,0.0,0.0,1.0,0.0,0.0,0.0,0.0,0.0,1.0,0.0,1.0,1.0,0.0
15.0,4.0,4.0,1.0,2.0,0.0,3.0,3.0,3.0,1.0,2.0,2.0,0.0,0.0,0.0,1.0,0.0,1.0,0.0,0.0,0.0,1.0,1.0,0.0,0.0,0.0,0.0,0.0,1.0,1.0,0.0,0.0,1.0,1.0,0.0,1.0,1.0,1.0,0.0,9.0
17.0,1.0,2.0,2.0,2.0,0.0,4.0,4.0,4.0,4.0,5.0,5.0,12.0,0.0,1.0,1.0,0.0,1.0,0.0,0.0,0.0,0.0,0.0,0.0,1.0,0.0,0.0,1.0,0.0,0.0,1.0,0.0,0.0,1.0,1.0,0.0,1.0,1.0,0.0,8.0
15.0,3.0,2.0,2.0,2.0,0.0,4.0,3.0,5.0,1.0,1.0,2.0,26.0,0.0,0.0,1.0,0.0,1.0,0.0,0.0,1.0,0.0,0.0,1.0,0.0,0.0,1.0,0.0,0.0,1.0,0.0,1.0,1.0,1.0,0.0,1.0,1.0,1.0,0.0,6.0
15.0,2.0,3.0,1.0,3.0,0.0,5.0,3.0,2.0,1.0,2.0,5.0,4.0,0.0,1.0,1.0,0.0,1.0,0.0,1.0,0.0,0.0,0.0,1.0,0.0,0.0,1.0,0.0,0.0,1.0,0.0,1.0,0.0,1.0,0.0,0.0,1.0,1.0,0.0,11.0
18.0,4.0,2.0,1.0,2.0,0.0,4.0,3.0,2.0,1.0,4.0,5.0,11.0,0.0,1.0,1.0,0.0,1.0,0.0,0.0,0.0,1.0,0.0,1.0,0.0,0.0,1.0,0.0,0.0,1.0,0.0,0.0,1.0,1.0,1.0,1.0,1.0,1.0,1.0,11.0
18.0,4.0,4.0,2.0,3.0,0.0,4.0,2.0,2.0,2.0,2.0,5.0,0.0,1.0,1.0,1.0,1.0,1.0,0.0,0.0,0.0,1.0,0.0,0.0,1.0,0.0,0.0,1.0,0.0,1.0,0.0,0.0,0.0,1.0,0.0,1.0,1.0,1.0,1.0,13.0
17.0,1.0,1.0,1.0,2.0,0.0,4.0,4.0,4.0,1.0,3.0,1.0,4.0,0.0,0.0,1.0,0.0,1.0,0.0,1.0,0.0,0.0,0.0,1.0,0.0,0.0,0.0,0.0,0.0,1.0,0.0,0.0,1.0,1.0,0.0,0.0,1.0,0.0,0.0,10.0
18.0,3.0,2.0,1.0,3.0,0.0,5.0,4.0,3.0,2.0,3.0,1.0,7.0,0.0,0.0,1.0,0.0,1.0,0.0,1.0,0.0,0.0,0.0,0.0,1.0,0.0,0.0,1.0,0.0,1.0,0.0,0.0,0.0,0.0,0.0,1.0,1.0,1.0,1.0,14.0
17.0,1.0,3.0,1.0,1.0,0.0,5.0,3.0,3.0,1.0,4.0,2.0,2.0,0.0,1.0,1.0,0.0,1.0,0.0,0.0,0.0,0.0,0.0,0.0,1.0,0.0,0.0,0.0,0.0,0.0,0.0,0.0,0.0,0.0,0.0,1.0,0.0,1.0,0.0,10.0
18.0,4.0,3.0,2.0,2.0,0.0,4.0,4.0,5.0,1.0,2.0,2.0,10.0,0.0,0.0,1.0,1.0,1.0,0.0,1.0,0.0,0.0,0.0,1.0,0.0,0.0,1.0,0.0,0.0,0.0,1.0,0.0,1.0,1.0,0.0,1.0,1.0,1.0,1.0,8.0
16.0,4.0,4.0,1.0,2.0,0.0,4.0,1.0,3.0,3.0,5.0,5.0,18.0,0.0,1.0,1.0,1.0,0.0,0.0,0.0,0.0,1.0,1.0,0.0,0.0,0.0,0.0,0.0,1.0,1.0,0.0,0.0,1.0,0.0,0.0,1.0,1.0,0.0,0.0,7.0
17.0,2.0,2.0,1.0,1.0,0.0,5.0,3.0,2.0,1.0,2.0,3.0,18.0,0.0,0.0,0.0,0.0,1.0,0.0,1.0,0.0,0.0,0.0,1.0,0.0,0.0,0.0,0.0,1.0,1.0,0.0,0.0,1.0,0.0,0.0,1.0,1.0,1.0,0.0,6.0
15.0,1.0,2.0,1.0,2.0,0.0,4.0,3.0,2.0,1.0,1.0,5.0,2.0,0.0,0.0,1.0,0.0,1.0,0.0,0.0,0.0,0.0,0.0,1.0,0.0,0.0,0.0,0.0,0.0,1.0,0.0,0.0,1.0,1.0,0.0,0.0,1.0,1.0,0.0,11.0
16.0,2.0,3.0,1.0,2.0,0.0,2.0,3.0,1.0,1.0,1.0,3.0,2.0,0.0,0.0,1.0,0.0,1.0,0.0,0.0,1.0,0.0,0.0,0.0,0.0,1.0,0.0,1.0,0.0,1.0,0.0,1.0,0.0,0.0,0.0,1.0,1.0,1.0,0.0,17.0
16.0,3.0,1.0,1.0,2.0,0.0,3.0,3.0,3.0,2.0,3.0,2.0,4.0,0.0,0.0,1.0,1.0,1.0,0.0,1.0,0.0,0.0,0.0,1.0,0.0,0.0,1.0,0.0,0.0,0.0,0.0,1.0,1.0,0.0,0.0,1.0,1.0,0.0,0.0,6.0
15.0,3.0,1.0,2.0,4.0,0.0,4.0,4.0,2.0,2.0,3.0,3.0,12.0,0.0,0.0,0.0,1.0,1.0,0.0,1.0,0.0,0.0,0.0,1.0,0.0,0.0,0.0,0.0,1.0,0.0,0.0,0.0,1.0,0.0,0.0,0.0,1.0,1.0,0.0,16.0
16.0,4.0,4.0,1.0,1.0,0.0,3.0,4.0,4.0,1.0,4.0,5.0,18.0,0.0,1.0,1.0,0.0,1.0,1.0,0.0,0.0,0.0,0.0,1.0,0.0,0.0,0.0,0.0,0.0,1.0,0.0,0.0,1.0,0.0,1.0,1.0,1.0,1.0,0.0,13.0
16.0,4.0,3.0,2.0,1.0,0.0,3.0,3.0,3.0,1.0,1.0,4.0,2.0,0.0,1.0,0.0,0.0,1.0,0.0,0.0,1.0,0.0,0.0,1.0,0.0,0.0,0.0,0.0,1.0,1.0,0.0,1.0,1.0,0.0,1.0,0.0,1.0,1.0,0.0,15.0
16.0,1.0,1.0,1.0,1.0,0.0,3.0,4.0,4.0,3.0,3.0,1.0,2.0,0.0,0.0,1.0,1.0,1.0,0.0,0.0,0.0,0.0,0.0,0.0,0.0,0.0,0.0,0.0,0.0,1.0,0.0,0.0,0.0,0.0,0.0,1.0,1.0,1.0,0.0,13.0
18.0,4.0,4.0,1.0,1.0,0.0,1.0,4.0,2.0,2.0,2.0,1.0,5.0,0.0,1.0,1.0,1.0,1.0,0.0,0.0,0.0,1.0,0.0,0.0,0.0,1.0,1.0,0.0,0.0,1.0,0.0,0.0,1.0,1.0,0.0,1.0,1.0,1.0,1.0,16.0
16.0,2.0,1.0,1.0,2.0,0.0,4.0,3.0,5.0,1.0,1.0,5.0,2.0,0.0,0.0,1.0,0.0,1.0,0.0,1.0,0.0,0.0,0.0,1.0,0.0,0.0,0.0,0.0,0.0,1.0,0.0,0.0,1.0,1.0,0.0,1.0,1.0,0.0,1.0,10.0
17.0,4.0,4.0,1.0,2.0,0.0,4.0,5.0,5.0,1.0,3.0,2.0,14.0,0.0,1.0,1.0,0.0,1.0,0.0,0.0,0.0,1.0,0.0,0.0,0.0,1.0,0.0,0.0,1.0,1.0,0.0,1.0,1.0,0.0,1.0,1.0,1.0,1.0,1.0,9.0
15.0,2.0,2.0,2.0,2.0,0.0,4.0,1.0,3.0,1.0,3.0,4.0,2.0,0.0,0.0,0.0,1.0,1.0,1.0,0.0,0.0,0.0,0.0,0.0,1.0,0.0,0.0,0.0,1.0,1.0,0.0,1.0,1.0,1.0,0.0,1.0,1.0,1.0,0.0,8.0
16.0,2.0,2.0,2.0,2.0,0.0,5.0,4.0,4.0,2.0,4.0,5.0,0.0,0.0,1.0,1.0,1.0,1.0,0.0,1.0,0.0,0.0,0.0,1.0,0.0,0.0,0.0,0.0,1.0,1.0,0.0,0.0,1.0,0.0,1.0,1.0,1.0,1.0,0.0,12.0
16.0,4.0,4.0,2.0,3.0,0.0,2.0,4.0,3.0,1.0,1.0,5.0,7.0,0.0,1.0,0.0,0.0,0.0,0.0,1.0,0.0,0.0,0.0,0.0,0.0,1.0,0.0,0.0,1.0,1.0,0.0,0.0,1.0,0.0,1.0,1.0,1.0,1.0,1.0,15.0
17.0,2.0,1.0,1.0,1.0,3.0,5.0,4.0,5.0,1.0,2.0,5.0,0.0,0.0,1.0,1.0,0.0,1.0,0.0,1.0,0.0,0.0,0.0,1.0,0.0,0.0,1.0,0.0,0.0,1.0,0.0,0.0,1.0,0.0,0.0,1.0,1.0,1.0,0.0,0.0
16.0,2.0,4.0,2.0,2.0,0.0,4.0,2.0,2.0,1.0,2.0,5.0,2.0,0.0,0.0,1.0,1.0,1.0,0.0,1.0,0.0,0.0,1.0,0.0,0.0,0.0,0.0,0.0,0.0,0.0,0.0,0.0,1.0,1.0,1.0,1.0,1.0,1.0,1.0,13.0
16.0,3.0,1.0,1.0,4.0,0.0,4.0,3.0,3.0,1.0,2.0,5.0,4.0,0.0,0.0,1.0,0.0,1.0,0.0,0.0,1.0,0.0,0.0,1.0,0.0,0.0,0.0,0.0,0.0,1.0,0.0,1.0,1.0,1.0,0.0,1.0,1.0,1.0,0.0,6.0
16.0,4.0,3.0,1.0,2.0,0.0,3.0,4.0,3.0,2.0,3.0,3.0,10.0,0.0,1.0,1.0,0.0,1.0,0.0,0.0,0.0,1.0,0.0,1.0,0.0,0.0,1.0,0.0,0.0,1.0,0.0,0.0,1.0,1.0,1.0,1.0,1.0,1.0,0.0,8.0
16.0,1.0,1.0,2.0,1.0,0.0,4.0,3.0,2.0,1.0,4.0,5.0,6.0,0.0,0.0,1.0,0.0,1.0,0.0,0.0,0.0,0.0,0.0,1.0,0.0,0.0,1.0,0.0,0.0,1.0,0.0,0.0,1.0,1.0,0.0,1.0,1.0,0.0,0.0,10.0
18.0,1.0,1.0,2.0,4.0,0.0,5.0,2.0,2.0,1.0,1.0,3.0,1.0,0.0,0.0,0.0,1.0,1.0,0.0,0.0,0.0,0.0,0.0,1.0,0.0,0.0,0.0,0.0,1.0,1.0,0.0,0.0,1.0,1.0,1.0,1.0,1.0,0.0,0.0,12.0
18.0,4.0,4.0,3.0,2.0,0.0,3.0,2.0,2.0,4.0,2.0,5.0,10.0,1.0,0.0,0.0,0.0,1.0,0.0,1.0,0.0,0.0,0.0,0.0,0.0,1.0,0.0,1.0,0.0,0.0,0.0,0.0,1.0,1.0,0.0,0.0,1.0,1.0,1.0,11.0
17.0,4.0,1.0,2.0,1.0,0.0,4.0,5.0,4.0,2.0,4.0,5.0,30.0,0.0,1.0,1.0,1.0,0.0,0.0,0.0,1.0,0.0,0.0,1.0,0.0,0.0,1.0,0.0,0.0,1.0,0.0,0.0,0.0,1.0,1.0,1.0,1.0,1.0,1.0,8.0
15.0,3.0,4.0,1.0,1.0,0.0,5.0,5.0,5.0,3.0,2.0,5.0,0.0,0.0,1.0,1.0,0.0,1.0,0.0,0.0,1.0,0.0,0.0,0.0,1.0,0.0,1.0,0.0,0.0,0.0,0.0,1.0,0.0,0.0,0.0,1.0,1.0,1.0,0.0,12.0
15.0,3.0,2.0,1.0,2.0,3.0,3.0,3.0,2.0,1.0,1.0,3.0,0.0,0.0,0.0,1.0,0.0,1.0,1.0,0.0,0.0,0.0,0.0,0.0,1.0,0.0,1.0,0.0,0.0,0.0,0.0,0.0,1.0,0.0,0.0,1.0,1.0,1.0,0.0,0.0
17.0,2.0,1.0,2.0,3.0,0.0,3.0,2.0,3.0,1.0,2.0,3.0,10.0,0.0,0.0,1.0,0.0,0.0,0.0,1.0,0.0,0.0,0.0,1.0,0.0,0.0,0.0,0.0,0.0,1.0,0.0,0.0,0.0,0.0,1.0,1.0,1.0,1.0,1.0,12.0
16.0,2.0,2.0,1.0,2.0,0.0,4.0,3.0,4.0,1.0,2.0,2.0,4.0,0.0,0.0,1.0,1.0,1.0,0.0,0.0,0.0,0.0,0.0,1.0,0.0,0.0,0.0,0.0,0.0,1.0,0.0,0.0,1.0,0.0,0.0,1.0,1.0,0.0,0.0,6.0
18.0,3.0,3.0,1.0,2.0,0.0,5.0,3.0,4.0,1.0,1.0,4.0,0.0,0.0,0.0,1.0,0.0,1.0,0.0,0.0,1.0,0.0,0.0,0.0,1.0,0.0,1.0,0.0,0.0,1.0,0.0,0.0,0.0,0.0,1.0,1.0,1.0,1.0,0.0,0.0
17.0,2.0,2.0,1.0,3.0,0.0,4.0,3.0,3.0,1.0,1.0,4.0,4.0,0.0,0.0,1.0,0.0,1.0,0.0,0.0,0.0,0.0,0.0,0.0,0.0,0.0,0.0,0.0,0.0,1.0,0.0,0.0,1.0,1.0,1.0,1.0,1.0,1.0,0.0,10.0
18.0,2.0,2.0,1.0,2.0,0.0,4.0,3.0,3.0,1.0,1.0,2.0,0.0,0.0,0.0,1.0,1.0,1.0,0.0,1.0,0.0,0.0,0.0,1.0,0.0,0.0,1.0,0.0,0.0,0.0,1.0,0.0,0.0,0.0,1.0,0.0,1.0,1.0,1.0,0.0
17.0,2.0,4.0,1.0,2.0,0.0,4.0,3.0,2.0,1.0,1.0,5.0,0.0,0.0,0.0,1.0,1.0,1.0,0.0,0.0,1.0,0.0,0.0,0.0,1.0,0.0,0.0,0.0,0.0,0.0,0.0,0.0,0.0,0.0,1.0,1.0,1.0,1.0,1.0,15.0
17.0,2.0,4.0,2.0,2.0,0.0,4.0,3.0,3.0,1.0,1.0,1.0,2.0,0.0,0.0,1.0,0.0,1.0,0.0,0.0,0.0,0.0,1.0,0.0,0.0,0.0,0.0,0.0,1.0,1.0,0.0,0.0,1.0,1.0,0.0,1.0,1.0,1.0,1.0,10.0
18.0,4.0,3.0,1.0,4.0,0.0,4.0,3.0,3.0,1.0,1.0,3.0,0.0,0.0,0.0,1.0,0.0,1.0,0.0,1.0,0.0,0.0,0.0,1.0,0.0,0.0,0.0,0.0,1.0,0.0,0.0,0.0,1.0,1.0,0.0,1.0,1.0,1.0,0.0,14.0
17.0,3.0,3.0,1.0,2.0,0.0,5.0,3.0,3.0,2.0,3.0,1.0,56.0,0.0,0.0,1.0,1.0,1.0,0.0,1.0,0.0,0.0,0.0,1.0,0.0,0.0,0.0,0.0,1.0,1.0,0.0,0.0,1.0,0.0,1.0,1.0,1.0,1.0,1.0,8.0
17.0,2.0,1.0,2.0,2.0,0.0,4.0,2.0,5.0,1.0,2.0,5.0,2.0,0.0,0.0,0.0,0.0,1.0,0.0,0.0,0.0,0.0,0.0,0.0,1.0,0.0,0.0,0.0,1.0,1.0,0.0,0.0,1.0,0.0,1.0,1.0,1.0,1.0,0.0,6.0
19.0,1.0,2.0,1.0,2.0,1.0,4.0,5.0,2.0,2.0,2.0,4.0,3.0,0.0,1.0,1.0,0.0,1.0,0.0,1.0,0.0,0.0,0.0,0.0,1.0,0.0,0.0,0.0,0.0,0.0,1.0,0.0,0.0,0.0,0.0,0.0,1.0,1.0,0.0,11.0
19.0,3.0,1.0,1.0,3.0,1.0,5.0,4.0,3.0,1.0,2.0,5.0,12.0,0.0,0.0,0.0,0.0,0.0,0.0,0.0,1.0,0.0,0.0,0.0,0.0,0.0,1.0,0.0,0.0,0.0,1.0,0.0,0.0,1.0,0.0,1.0,1.0,0.0,0.0,13.0
18.0,4.0,4.0,1.0,2.0,1.0,2.0,4.0,4.0,1.0,1.0,4.0,15.0,0.0,0.0,1.0,0.0,1.0,1.0,0.0,0.0,0.0,1.0,0.0,0.0,0.0,0.0,0.0,1.0,0.0,0.0,1.0,1.0,0.0,1.0,1.0,1.0,1.0,1.0,8.0
16.0,4.0,4.0,1.0,1.0,0.0,3.0,5.0,5.0,2.0,5.0,4.0,8.0,0.0,1.0,0.0,0.0,1.0,0.0,0.0,0.0,1.0,0.0,0.0,0.0,1.0,0.0,0.0,0.0,1.0,0.0,0.0,0.0,1.0,1.0,1.0,1.0,1.0,0.0,18.0
15.0,3.0,4.0,1.0,3.0,0.0,4.0,3.0,2.0,1.0,1.0,5.0,2.0,0.0,0.0,0.0,0.0,1.0,0.0,0.0,1.0,0.0,1.0,0.0,0.0,0.0,0.0,0.0,0.0,1.0,0.0,1.0,1.0,1.0,1.0,1.0,1.0,1.0,0.0,11.0
15.0,2.0,1.0,3.0,3.0,0.0,5.0,2.0,2.0,1.0,1.0,4.0,4.0,0.0,0.0,1.0,0.0,1.0,0.0,0.0,1.0,0.0,0.0,1.0,0.0,0.0,0.0,0.0,1.0,0.0,0.0,0.0,1.0,0.0,1.0,1.0,1.0,1.0,0.0,12.0
17.0,3.0,1.0,1.0,2.0,0.0,5.0,4.0,4.0,3.0,4.0,5.0,2.0,0.0,1.0,1.0,0.0,1.0,0.0,0.0,1.0,0.0,0.0,1.0,0.0,0.0,0.0,1.0,0.0,1.0,0.0,0.0,0.0,1.0,1.0,1.0,1.0,1.0,1.0,10.0
17.0,3.0,3.0,1.0,2.0,0.0,4.0,3.0,4.0,2.0,3.0,4.0,12.0,0.0,1.0,1.0,0.0,1.0,0.0,0.0,1.0,0.0,0.0,0.0,1.0,0.0,0.0,1.0,0.0,1.0,0.0,0.0,1.0,0.0,1.0,1.0,1.0,1.0,1.0,11.0
16.0,4.0,4.0,1.0,2.0,0.0,4.0,2.0,4.0,2.0,4.0,1.0,2.0,0.0,1.0,1.0,0.0,1.0,1.0,0.0,0.0,0.0,0.0,1.0,0.0,0.0,0.0,0.0,1.0,0.0,0.0,0.0,1.0,1.0,1.0,1.0,1.0,1.0,0.0,13.0
16.0,2.0,2.0,1.0,2.0,1.0,3.0,1.0,2.0,1.0,1.0,5.0,6.0,0.0,0.0,1.0,0.0,1.0,0.0,0.0,0.0,0.0,0.0,1.0,0.0,0.0,1.0,0.0,0.0,1.0,0.0,1.0,0.0,0.0,1.0,1.0,1.0,1.0,0.0,13.0
17.0,4.0,3.0,1.0,2.0,0.0,5.0,2.0,3.0,1.0,1.0,2.0,4.0,0.0,1.0,1.0,0.0,1.0,0.0,1.0,0.0,0.0,0.0,1.0,0.0,0.0,0.0,0.0,0.0,1.0,0.0,0.0,1.0,0.0,1.0,1.0,1.0,1.0,1.0,11.0
18.0,3.0,4.0,2.0,2.0,0.0,4.0,2.0,5.0,3.0,4.0,1.0,13.0,0.0,1.0,0.0,1.0,0.0,0.0,1.0,0.0,0.0,0.0,1.0,0.0,0.0,0.0,0.0,1.0,1.0,0.0,0.0,1.0,1.0,1.0,1.0,1.0,1.0,0.0,17.0
18.0,4.0,4.0,2.0,1.0,0.0,3.0,2.0,4.0,1.0,4.0,3.0,22.0,0.0,1.0,1.0,0.0,1.0,0.0,0.0,0.0,1.0,0.0,0.0,1.0,0.0,1.0,0.0,0.0,1.0,0.0,0.0,0.0,1.0,1.0,1.0,1.0,1.0,0.0,9.0
16.0,3.0,3.0,2.0,1.0,0.0,5.0,4.0,2.0,1.0,1.0,5.0,0.0,0.0,1.0,1.0,0.0,1.0,0.0,1.0,0.0,0.0,0.0,0.0,1.0,0.0,1.0,0.0,0.0,0.0,0.0,0.0,0.0,0.0,1.0,1.0,1.0,1.0,0.0,13.0
17.0,4.0,4.0,1.0,2.0,0.0,2.0,3.0,4.0,1.0,1.0,1.0,0.0,1.0,0.0,1.0,1.0,1.0,0.0,0.0,0.0,0.0,0.0,0.0,0.0,0.0,0.0,0.0,0.0,1.0,0.0,0.0,1.0,1.0,1.0,1.0,1.0,1.0,1.0,15.0
18.0,4.0,3.0,1.0,3.0,0.0,5.0,4.0,5.0,2.0,3.0,5.0,0.0,0.0,1.0,1.0,0.0,1.0,0.0,0.0,0.0,1.0,0.0,1.0,0.0,0.0,0.0,0.0,0.0,1.0,0.0,0.0,1.0,1.0,0.0,1.0,1.0,1.0,1.0,9.0
17.0,3.0,1.0,1.0,2.0,0.0,4.0,5.0,4.0,2.0,3.0,1.0,17.0,1.0,0.0,0.0,0.0,1.0,0.0,0.0,0.0,0.0,0.0,1.0,0.0,0.0,0.0,0.0,1.0,1.0,0.0,0.0,1.0,1.0,1.0,0.0,1.0,1.0,0.0,10.0
18.0,1.0,1.0,2.0,2.0,0.0,5.0,4.0,4.0,1.0,1.0,4.0,4.0,0.0,0.0,1.0,0.0,1.0,0.0,1.0,0.0,0.0,0.0,1.0,0.0,0.0,1.0,0.0,0.0,1.0,0.0,1.0,0.0,0.0,1.0,1.0,1.0,1.0,0.0,10.0
17.0,3.0,2.0,2.0,2.0,0.0,1.0,2.0,3.0,1.0,2.0,5.0,2.0,1.0,0.0,1.0,1.0,0.0,0.0,0.0,1.0,0.0,0.0,1.0,0.0,0.0,0.0,0.0,1.0,1.0,0.0,0.0,0.0,0.0,0.0,1.0,1.0,0.0,1.0,11.0
17.0,1.0,1.0,4.0,2.0,3.0,5.0,3.0,5.0,1.0,5.0,5.0,0.0,0.0,1.0,0.0,1.0,1.0,0.0,1.0,0.0,0.0,0.0,0.0,1.0,0.0,0.0,0.0,0.0,1.0,0.0,0.0,0.0,0.0,1.0,1.0,0.0,0.0,1.0,7.0
22.0,3.0,1.0,1.0,1.0,3.0,5.0,4.0,5.0,5.0,5.0,1.0,16.0,0.0,1.0,1.0,0.0,1.0,0.0,0.0,1.0,0.0,0.0,0.0,1.0,0.0,0.0,1.0,0.0,1.0,0.0,0.0,0.0,0.0,0.0,0.0,0.0,1.0,1.0,8.0
17.0,3.0,4.0,3.0,2.0,0.0,5.0,4.0,5.0,2.0,4.0,5.0,0.0,0.0,1.0,0.0,0.0,1.0,0.0,0.0,0.0,0.0,0.0,1.0,0.0,0.0,0.0,0.0,0.0,1.0,0.0,0.0,0.0,0.0,0.0,1.0,1.0,0.0,0.0,0.0
17.0,4.0,4.0,1.0,1.0,0.0,4.0,2.0,1.0,1.0,1.0,4.0,0.0,0.0,0.0,1.0,0.0,1.0,0.0,1.0,0.0,0.0,0.0,0.0,0.0,1.0,0.0,0.0,0.0,1.0,0.0,1.0,1.0,0.0,0.0,1.0,1.0,0.0,1.0,12.0
16.0,4.0,4.0,1.0,2.0,0.0,4.0,5.0,2.0,1.0,2.0,3.0,0.0,0.0,0.0,1.0,1.0,1.0,0.0,0.0,0.0,1.0,0.0,0.0,0.0,1.0,0.0,0.0,1.0,1.0,0.0,0.0,1.0,1.0,0.0,1.0,1.0,1.0,0.0,10.0
16.0,3.0,3.0,3.0,1.0,0.0,3.0,3.0,4.0,3.0,5.0,3.0,8.0,0.0,1.0,0.0,1.0,1.0,0.0,0.0,0.0,1.0,0.0,1.0,0.0,0.0,1.0,0.0,0.0,0.0,0.0,0.0,1.0,1.0,1.0,1.0,1.0,1.0,0.0,10.0
19.0,2.0,3.0,1.0,3.0,1.0,5.0,4.0,2.0,1.0,2.0,5.0,0.0,1.0,0.0,0.0,0.0,1.0,0.0,0.0,1.0,0.0,0.0,1.0,0.0,0.0,0.0,0.0,0.0,1.0,0.0,0.0,0.0,0.0,1.0,0.0,1.0,1.0,0.0,0.0
15.0,1.0,1.0,1.0,2.0,3.0,4.0,3.0,2.0,2.0,3.0,3.0,10.0,0.0,0.0,1.0,1.0,1.0,0.0,0.0,0.0,0.0,0.0,1.0,0.0,0.0,0.0,1.0,0.0,1.0,0.0,1.0,0.0,1.0,0.0,1.0,1.0,1.0,0.0,10.0
16.0,2.0,2.0,2.0,4.0,0.0,5.0,3.0,5.0,1.0,1.0,5.0,6.0,0.0,0.0,0.0,0.0,1.0,0.0,0.0,1.0,0.0,0.0,0.0,1.0,0.0,0.0,0.0,1.0,1.0,0.0,0.0,1.0,1.0,1.0,0.0,1.0,1.0,0.0,11.0
16.0,4.0,4.0,1.0,2.0,0.0,5.0,4.0,4.0,1.0,2.0,5.0,2.0,0.0,1.0,1.0,0.0,1.0,0.0,0.0,0.0,1.0,0.0,0.0,0.0,1.0,0.0,0.0,0.0,0.0,0.0,0.0,1.0,0.0,1.0,1.0,1.0,1.0,0.0,16.0
18.0,2.0,1.0,4.0,2.0,0.0,4.0,3.0,2.0,4.0,5.0,3.0,14.0,0.0,1.0,1.0,1.0,1.0,0.0,0.0,0.0,0.0,0.0,1.0,0.0,0.0,0.0,0.0,0.0,1.0,0.0,1.0,1.0,1.0,1.0,1.0,1.0,1.0,1.0,9.0
17.0,2.0,2.0,2.0,2.0,0.0,4.0,5.0,2.0,1.0,1.0,1.0,4.0,0.0,1.0,0.0,0.0,1.0,0.0,1.0,0.0,0.0,0.0,1.0,0.0,0.0,0.0,0.0,0.0,0.0,0.0,0.0,1.0,1.0,1.0,1.0,1.0,1.0,0.0,11.0
15.0,2.0,2.0,1.0,1.0,0.0,4.0,2.0,2.0,1.0,2.0,5.0,2.0,0.0,1.0,1.0,0.0,1.0,0.0,1.0,0.0,0.0,0.0,1.0,0.0,0.0,1.0,0.0,0.0,1.0,0.0,0.0,1.0,1.0,0.0,1.0,1.0,1.0,0.0,11.0
15.0,1.0,2.0,1.0,2.0,0.0,3.0,2.0,3.0,1.0,2.0,1.0,2.0,0.0,0.0,1.0,0.0,1.0,0.0,0.0,0.0,0.0,0.0,0.0,1.0,0.0,0.0,0.0,0.0,1.0,0.0,0.0,0.0,0.0,0.0,0.0,1.0,1.0,0.0,15.0
17.0,4.0,2.0,2.0,3.0,0.0,4.0,3.0,3.0,1.0,1.0,3.0,0.0,0.0,0.0,1.0,0.0,1.0,0.0,1.0,0.0,0.0,0.0,1.0,0.0,0.0,0.0,0.0,1.0,1.0,0.0,0.0,1.0,1.0,0.0,1.0,1.0,1.0,0.0,14.0
16.0,4.0,4.0,1.0,3.0,0.0,5.0,3.0,2.0,1.0,1.0,5.0,0.0,0.0,0.0,1.0,0.0,1.0,0.0,0.0,0.0,1.0,0.0,0.0,1.0,0.0,1.0,0.0,0.0,1.0,0.0,0.0,1.0,0.0,1.0,0.0,1.0,1.0,0.0,14.0
16.0,2.0,1.0,1.0,1.0,0.0,4.0,5.0,2.0,1.0,1.0,5.0,20.0,0.0,0.0,1.0,0.0,1.0,0.0,1.0,0.0,0.0,0.0,1.0,0.0,0.0,1.0,0.0,0.0,1.0,0.0,0.0,0.0,0.0,0.0,1.0,1.0,1.0,1.0,12.0
18.0,3.0,3.0,1.0,4.0,0.0,5.0,3.0,3.0,1.0,1.0,1.0,7.0,0.0,0.0,1.0,1.0,1.0,0.0,0.0,1.0,0.0,0.0,0.0,1.0,0.0,1.0,0.0,0.0,1.0,0.0,0.0,1.0,0.0,0.0,1.0,1.0,1.0,0.0,17.0
19.0,2.0,1.0,3.0,2.0,0.0,3.0,4.0,1.0,1.0,1.0,2.0,20.0,0.0,0.0,1.0,0.0,1.0,0.0,0.0,0.0,0.0,0.0,1.0,0.0,0.0,0.0,1.0,0.0,0.0,1.0,0.0,1.0,0.0,0.0,1.0,0.0,1.0,1.0,13.0
19.0,2.0,1.0,1.0,3.0,1.0,4.0,3.0,4.0,1.0,3.0,3.0,4.0,0.0,0.0,1.0,0.0,1.0,0.0,0.0,1.0,0.0,0.0,0.0,1.0,0.0,1.0,0.0,0.0,0.0,1.0,0.0,0.0,1.0,1.0,1.0,1.0,1.0,1.0,11.0
19.0,0.0,1.0,1.0,2.0,3.0,3.0,4.0,2.0,1.0,1.0,5.0,2.0,0.0,0.0,1.0,0.0,1.0,0.0,0.0,0.0,0.0,0.0,1.0,0.0,0.0,0.0,0.0,0.0,0.0,1.0,0.0,1.0,0.0,0.0,0.0,0.0,0.0,0.0,9.0
16.0,3.0,3.0,1.0,2.0,0.0,4.0,3.0,3.0,2.0,4.0,5.0,54.0,0.0,0.0,1.0,0.0,1.0,0.0,1.0,0.0,0.0,0.0,0.0,1.0,0.0,1.0,0.0,0.0,1.0,0.0,1.0,1.0,1.0,1.0,1.0,1.0,1.0,0.0,11.0
17.0,3.0,4.0,1.0,3.0,0.0,4.0,3.0,4.0,2.0,5.0,5.0,0.0,0.0,0.0,0.0,0.0,1.0,0.0,0.0,0.0,0.0,0.0,0.0,1.0,0.0,0.0,0.0,0.0,0.0,0.0,0.0,1.0,1.0,1.0,0.0,1.0,1.0,0.0,10.0
16.0,4.0,4.0,1.0,2.0,0.0,4.0,4.0,5.0,5.0,5.0,5.0,16.0,0.0,1.0,1.0,0.0,1.0,0.0,0.0,0.0,1.0,0.0,0.0,0.0,1.0,1.0,0.0,0.0,1.0,0.0,0.0,1.0,1.0,1.0,1.0,1.0,1.0,1.0,11.0
15.0,2.0,2.0,2.0,2.0,0.0,5.0,3.0,3.0,1.0,3.0,4.0,4.0,0.0,1.0,1.0,1.0,1.0,0.0,0.0,1.0,0.0,0.0,0.0,1.0,0.0,1.0,0.0,0.0,1.0,0.0,0.0,0.0,1.0,1.0,1.0,1.0,1.0,0.0,15.0
17.0,3.0,3.0,1.0,1.0,0.0,4.0,3.0,5.0,3.0,5.0,5.0,3.0,0.0,1.0,1.0,0.0,1.0,0.0,1.0,0.0,0.0,0.0,0.0,1.0,0.0,0.0,0.0,1.0,1.0,0.0,0.0,0.0,0.0,1.0,0.0,1.0,1.0,0.0,16.0
16.0,3.0,3.0,1.0,3.0,0.0,5.0,3.0,3.0,1.0,1.0,5.0,2.0,0.0,1.0,1.0,0.0,1.0,0.0,0.0,1.0,0.0,0.0,1.0,0.0,0.0,1.0,0.0,0.0,0.0,0.0,0.0,1.0,0.0,1.0,1.0,1.0,1.0,0.0,18.0
18.0,3.0,3.0,1.0,2.0,0.0,5.0,3.0,4.0,1.0,1.0,5.0,0.0,1.0,0.0,1.0,0.0,1.0,0.0,0.0,1.0,0.0,0.0,0.0,1.0,0.0,0.0,0.0,0.0,0.0,0.0,0.0,1.0,0.0,0.0,1.0,1.0,0.0,1.0,9.0
19.0,1.0,2.0,1.0,2.0,1.0,4.0,2.0,4.0,2.0,2.0,3.0,0.0,0.0,0.0,1.0,1.0,1.0,0.0,0.0,1.0,0.0,0.0,0.0,1.0,0.0,1.0,0.0,0.0,0.0,1.0,0.0,0.0,0.0,1.0,0.0,1.0,0.0,1.0,0.0
16.0,3.0,4.0,1.0,1.0,0.0,3.0,2.0,1.0,1.0,4.0,5.0,16.0,0.0,0.0,1.0,0.0,0.0,0.0,0.0,1.0,0.0,0.0,1.0,0.0,0.0,0.0,0.0,0.0,0.0,0.0,0.0,0.0,0.0,0.0,1.0,1.0,1.0,0.0,11.0
18.0,2.0,1.0,2.0,3.0,0.0,4.0,4.0,4.0,1.0,1.0,3.0,0.0,0.0,0.0,1.0,0.0,1.0,0.0,1.0,0.0,0.0,0.0,1.0,0.0,0.0,0.0,0.0,0.0,0.0,1.0,0.0,1.0,1.0,0.0,0.0,1.0,1.0,1.0,0.0
16.0,3.0,2.0,1.0,2.0,0.0,1.0,2.0,2.0,1.0,2.0,1.0,14.0,0.0,0.0,1.0,0.0,1.0,0.0,1.0,0.0,0.0,0.0,1.0,0.0,0.0,0.0,0.0,1.0,1.0,0.0,0.0,1.0,1.0,0.0,1.0,1.0,1.0,0.0,12.0
18.0,2.0,2.0,1.0,3.0,0.0,4.0,3.0,3.0,1.0,2.0,2.0,5.0,0.0,0.0,1.0,0.0,1.0,0.0,0.0,0.0,0.0,0.0,0.0,0.0,0.0,0.0,1.0,0.0,1.0,0.0,0.0,1.0,1.0,0.0,1.0,1.0,1.0,0.0,19.0
16.0,2.0,2.0,2.0,2.0,1.0,4.0,3.0,3.0,2.0,2.0,5.0,14.0,0.0,0.0,1.0,1.0,1.0,0.0,1.0,0.0,0.0,0.0,0.0,0.0,0.0,0.0,0.0,0.0,0.0,0.0,1.0,0.0,0.0,1.0,1.0,1.0,1.0,0.0,9.0
18.0,3.0,3.0,2.0,2.0,0.0,4.0,3.0,2.0,1.0,3.0,3.0,0.0,1.0,0.0,1.0,0.0,1.0,0.0,0.0,1.0,0.0,0.0,0.0,1.0,0.0,0.0,1.0,0.0,1.0,0.0,0.0,1.0,0.0,0.0,1.0,1.0,1.0,1.0,10.0
16.0,4.0,3.0,3.0,2.0,0.0,5.0,4.0,3.0,1.0,2.0,1.0,2.0,0.0,0.0,1.0,1.0,1.0,0.0,0.0,0.0,1.0,0.0,0.0,1.0,0.0,0.0,0.0,0.0,1.0,0.0,0.0,1.0,0.0,1.0,1.0,1.0,1.0,0.0,15.0
18.0,2.0,1.0,1.0,2.0,1.0,5.0,4.0,3.0,1.0,1.0,5.0,12.0,0.0,0.0,1.0,1.0,1.0,0.0,0.0,1.0,0.0,0.0,0.0,0.0,0.0,0.0,0.0,1.0,1.0,0.0,0.0,0.0,0.0,0.0,1.0,1.0,1.0,1.0,13.0
15.0,4.0,4.0,2.0,2.0,2.0,4.0,4.0,4.0,2.0,3.0,5.0,6.0,0.0,0.0,1.0,0.0,1.0,0.0,0.0,1.0,0.0,0.0,0.0,1.0,0.0,0.0,0.0,1.0,0.0,0.0,0.0,0.0,1.0,0.0,1.0,1.0,1.0,1.0,8.0
16.0,4.0,3.0,1.0,1.0,0.0,5.0,4.0,5.0,1.0,1.0,3.0,0.0,0.0,1.0,1.0,1.0,1.0,0.0,0.0,0.0,1.0,0.0,1.0,0.0,0.0,0.0,0.0,0.0,1.0,0.0,0.0,0.0,0.0,1.0,0.0,1.0,1.0,0.0,0.0
16.0,1.0,2.0,1.0,1.0,0.0,3.0,3.0,3.0,1.0,2.0,3.0,2.0,0.0,1.0,1.0,0.0,1.0,0.0,0.0,1.0,0.0,0.0,0.0,1.0,0.0,0.0,1.0,0.0,1.0,0.0,0.0,1.0,1.0,1.0,1.0,1.0,1.0,1.0,11.0
16.0,3.0,1.0,2.0,4.0,0.0,4.0,3.0,2.0,1.0,1.0,5.0,0.0,0.0,1.0,1.0,0.0,1.0,0.0,1.0,0.0,0.0,0.0,1.0,0.0,0.0,0.0,0.0,1.0,0.0,0.0,0.0,1.0,1.0,0.0,1.0,1.0,1.0,0.0,15.0
16.0,3.0,3.0,1.0,2.0,1.0,4.0,5.0,5.0,4.0,4.0,5.0,4.0,0.0,1.0,1.0,0.0,1.0,0.0,1.0,0.0,0.0,0.0,0.0,1.0,0.0,0.0,0.0,0.0,0.0,0.0,0.0,1.0,1.0,0.0,1.0,1.0,1.0,1.0,12.0
15.0,4.0,4.0,1.0,1.0,0.0,4.0,3.0,3.0,1.0,3.0,5.0,2.0,0.0,1.0,1.0,1.0,1.0,1.0,0.0,0.0,0.0,0.0,0.0,1.0,0.0,0.0,0.0,0.0,0.0,0.0,0.0,1.0,1.0,1.0,1.0,1.0,1.0,0.0,14.0
15.0,2.0,3.0,2.0,1.0,0.0,3.0,5.0,1.0,1.0,1.0,5.0,0.0,0.0,0.0,1.0,0.0,1.0,0.0,1.0,0.0,0.0,0.0,1.0,0.0,0.0,0.0,1.0,0.0,0.0,0.0,0.0,1.0,0.0,1.0,1.0,1.0,0.0,0.0,6.0
16.0,3.0,4.0,1.0,2.0,0.0,5.0,3.0,3.0,1.0,1.0,5.0,4.0,0.0,1.0,1.0,1.0,0.0,0.0,0.0,1.0,0.0,0.0,1.0,0.0,0.0,1.0,0.0,0.0,1.0,0.0,1.0,1.0,0.0,1.0,1.0,1.0,1.0,0.0,11.0
16.0,3.0,4.0,3.0,1.0,2.0,3.0,4.0,5.0,2.0,4.0,2.0,0.0,0.0,1.0,1.0,0.0,1.0,0.0,1.0,0.0,0.0,0.0,1.0,0.0,0.0,0.0,0.0,0.0,0.0,0.0,0.0,1.0,0.0,1.0,0.0,1.0,1.0,0.0,0.0
15.0,4.0,4.0,1.0,3.0,0.0,4.0,2.0,2.0,1.0,1.0,5.0,2.0,0.0,0.0,1.0,0.0,1.0,0.0,0.0,0.0,1.0,0.0,0.0,1.0,0.0,0.0,0.0,0.0,1.0,0.0,0.0,1.0,1.0,1.0,1.0,1.0,1.0,0.0,11.0
19.0,1.0,1.0,1.0,3.0,2.0,4.0,1.0,2.0,1.0,1.0,3.0,14.0,0.0,0.0,1.0,0.0,1.0,0.0,0.0,0.0,0.0,1.0,0.0,0.0,0.0,1.0,0.0,0.0,0.0,1.0,0.0,0.0,0.0,0.0,0.0,1.0,1.0,1.0,13.0
18.0,4.0,2.0,1.0,2.0,0.0,5.0,4.0,5.0,1.0,3.0,5.0,10.0,0.0,1.0,1.0,0.0,1.0,1.0,0.0,0.0,0.0,0.0,1.0,0.0,0.0,0.0,0.0,1.0,0.0,0.0,0.0,1.0,1.0,1.0,1.0,1.0,1.0,1.0,10.0
17.0,1.0,1.0,1.0,3.0,1.0,4.0,3.0,4.0,1.0,1.0,5.0,0.0,0.0,0.0,1.0,0.0,1.0,0.0,0.0,0.0,0.0,0.0,1.0,0.0,0.0,0.0,0.0,1.0,1.0,0.0,0.0,1.0,0.0,1.0,1.0,1.0,0.0,1.0,0.0
15.0,1.0,1.0,2.0,4.0,1.0,3.0,1.0,2.0,1.0,1.0,1.0,2.0,0.0,0.0,0.0,0.0,1.0,0.0,0.0,0.0,0.0,0.0,1.0,0.0,0.0,1.0,0.0,0.0,1.0,0.0,1.0,1.0,1.0,1.0,1.0,1.0,1.0,0.0,10.0
15.0,4.0,2.0,1.0,2.0,0.0,4.0,3.0,3.0,1.0,1.0,5.0,2.0,0.0,0.0,1.0,1.0,1.0,1.0,0.0,0.0,0.0,0.0,1.0,0.0,0.0,0.0,1.0,0.0,1.0,0.0,0.0,1.0,1.0,0.0,1.0,1.0,1.0,0.0,13.0
17.0,4.0,3.0,2.0,2.0,0.0,2.0,5.0,5.0,1.0,4.0,5.0,14.0,0.0,1.0,1.0,1.0,1.0,1.0,0.0,0.0,0.0,0.0,1.0,0.0,0.0,0.0,0.0,0.0,1.0,0.0,0.0,0.0,0.0,1.0,1.0,1.0,1.0,1.0,12.0
18.0,3.0,2.0,2.0,3.0,0.0,5.0,4.0,2.0,1.0,1.0,4.0,8.0,0.0,1.0,0.0,1.0,1.0,0.0,0.0,1.0,0.0,0.0,1.0,0.0,0.0,0.0,0.0,1.0,1.0,0.0,0.0,1.0,1.0,1.0,1.0,1.0,1.0,0.0,14.0
18.0,2.0,4.0,1.0,2.0,1.0,4.0,4.0,3.0,1.0,1.0,3.0,8.0,0.0,0.0,1.0,0.0,1.0,0.0,0.0,1.0,0.0,0.0,0.0,0.0,0.0,0.0,0.0,1.0,0.0,1.0,0.0,1.0,1.0,1.0,1.0,1.0,1.0,0.0,12.0
16.0,4.0,2.0,1.0,1.0,0.0,4.0,3.0,3.0,3.0,4.0,3.0,10.0,0.0,1.0,0.0,0.0,1.0,0.0,0.0,0.0,1.0,0.0,0.0,1.0,0.0,0.0,1.0,0.0,1.0,0.0,0.0,1.0,0.0,1.0,1.0,1.0,1.0,1.0,9.0
15.0,4.0,4.0,1.0,1.0,0.0,5.0,4.0,3.0,2.0,4.0,5.0,8.0,0.0,1.0,1.0,1.0,1.0,0.0,0.0,0.0,1.0,0.0,1.0,0.0,0.0,1.0,0.0,0.0,0.0,1.0,0.0,1.0,0.0,0.0,0.0,1.0,1.0,1.0,12.0
18.0,1.0,3.0,1.0,1.0,1.0,4.0,3.0,3.0,2.0,3.0,3.0,7.0,1.0,1.0,1.0,1.0,1.0,0.0,0.0,0.0,0.0,0.0,0.0,1.0,0.0,0.0,0.0,0.0,1.0,0.0,0.0,0.0,0.0,0.0,1.0,0.0,1.0,1.0,8.0
16.0,3.0,1.0,1.0,2.0,3.0,2.0,3.0,3.0,2.0,2.0,4.0,5.0,0.0,0.0,1.0,0.0,0.0,0.0,0.0,1.0,0.0,0.0,1.0,0.0,0.0,0.0,0.0,0.0,1.0,0.0,0.0,1.0,1.0,0.0,1.0,1.0,1.0,0.0,7.0
17.0,2.0,1.0,1.0,1.0,0.0,4.0,4.0,2.0,2.0,4.0,5.0,0.0,0.0,1.0,0.0,0.0,1.0,0.0,1.0,0.0,0.0,0.0,1.0,0.0,0.0,0.0,0.0,0.0,1.0,0.0,0.0,0.0,0.0,0.0,0.0,1.0,1.0,0.0,12.0
17.0,2.0,2.0,4.0,1.0,0.0,4.0,4.0,5.0,5.0,5.0,4.0,8.0,0.0,1.0,0.0,0.0,1.0,0.0,0.0,1.0,0.0,0.0,1.0,0.0,0.0,0.0,0.0,0.0,1.0,0.0,0.0,1.0,0.0,0.0,1.0,1.0,1.0,0.0,10.0
16.0,3.0,3.0,1.0,2.0,0.0,4.0,3.0,2.0,1.0,2.0,5.0,4.0,0.0,0.0,1.0,0.0,1.0,0.0,1.0,0.0,0.0,0.0,1.0,0.0,0.0,1.0,0.0,0.0,0.0,0.0,0.0,1.0,1.0,0.0,1.0,1.0,0.0,0.0,10.0
17.0,4.0,2.0,1.0,4.0,0.0,4.0,2.0,3.0,1.0,1.0,4.0,6.0,0.0,0.0,1.0,1.0,1.0,0.0,0.0,0.0,1.0,0.0,0.0,1.0,0.0,0.0,0.0,1.0,1.0,0.0,0.0,1.0,1.0,1.0,1.0,1.0,1.0,0.0,13.0
19.0,1.0,1.0,3.0,1.0,1.0,4.0,4.0,4.0,3.0,3.0,5.0,4.0,1.0,1.0,0.0,0.0,1.0,0.0,1.0,0.0,0.0,0.0,1.0,0.0,0.0,1.0,0.0,0.0,0.0,1.0,0.0,1.0,0.0,0.0,1.0,1.0,1.0,0.0,8.0
16.0,4.0,4.0,1.0,1.0,0.0,4.0,5.0,5.0,5.0,5.0,4.0,14.0,0.0,1.0,1.0,0.0,1.0,0.0,0.0,1.0,0.0,0.0,0.0,1.0,0.0,0.0,1.0,0.0,1.0,0.0,1.0,1.0,1.0,1.0,1.0,1.0,1.0,0.0,5.0
17.0,3.0,2.0,1.0,2.0,0.0,5.0,3.0,4.0,1.0,3.0,3.0,10.0,0.0,0.0,1.0,0.0,1.0,0.0,1.0,0.0,0.0,0.0,1.0,0.0,0.0,0.0,0.0,0.0,1.0,0.0,0.0,0.0,0.0,1.0,0.0,1.0,1.0,0.0,15.0
17.0,3.0,2.0,1.0,2.0,0.0,4.0,3.0,2.0,2.0,3.0,2.0,0.0,0.0,0.0,1.0,0.0,1.0,0.0,1.0,0.0,0.0,0.0,1.0,0.0,0.0,1.0,0.0,0.0,1.0,0.0,0.0,1.0,1.0,0.0,1.0,1.0,1.0,1.0,0.0
18.0,2.0,2.0,1.0,2.0,1.0,4.0,4.0,4.0,2.0,4.0,5.0,15.0,0.0,1.0,1.0,0.0,1.0,0.0,0.0,1.0,0.0,0.0,1.0,0.0,0.0,1.0,0.0,0.0,1.0,0.0,0.0,1.0,1.0,1.0,1.0,1.0,1.0,0.0,8.0
16.0,1.0,0.0,2.0,2.0,0.0,4.0,3.0,2.0,1.0,1.0,3.0,2.0,0.0,1.0,1.0,0.0,1.0,0.0,1.0,0.0,0.0,0.0,1.0,0.0,0.0,0.0,0.0,1.0,1.0,0.0,0.0,1.0,1.0,1.0,1.0,1.0,1.0,1.0,16.0
16.0,4.0,4.0,1.0,1.0,0.0,5.0,3.0,4.0,1.0,2.0,1.0,6.0,0.0,0.0,1.0,0.0,1.0,0.0,1.0,0.0,0.0,0.0,1.0,0.0,0.0,0.0,0.0,1.0,1.0,0.0,0.0,0.0,0.0,1.0,0.0,1.0,1.0,0.0,14.0
17.0,3.0,2.0,2.0,2.0,0.0,4.0,4.0,4.0,1.0,3.0,1.0,2.0,0.0,0.0,1.0,1.0,1.0,0.0,1.0,0.0,0.0,0.0,1.0,0.0,0.0,0.0,0.0,1.0,1.0,0.0,0.0,0.0,1.0,0.0,1.0,1.0,1.0,0.0,15.0
16.0,1.0,1.0,4.0,1.0,0.0,5.0,5.0,5.0,5.0,5.0,5.0,6.0,0.0,0.0,1.0,0.0,1.0,0.0,0.0,1.0,0.0,0.0,0.0,1.0,0.0,0.0,0.0,0.0,0.0,0.0,1.0,1.0,0.0,1.0,0.0,1.0,1.0,1.0,11.0
16.0,4.0,3.0,1.0,4.0,0.0,4.0,2.0,2.0,1.0,1.0,2.0,4.0,0.0,1.0,1.0,0.0,1.0,1.0,0.0,0.0,0.0,0.0,0.0,1.0,0.0,0.0,0.0,1.0,1.0,0.0,0.0,0.0,0.0,1.0,1.0,1.0,1.0,0.0,20.0
15.0,4.0,3.0,1.0,2.0,0.0,4.0,5.0,2.0,1.0,1.0,5.0,0.0,0.0,1.0,0.0,0.0,1.0,0.0,0.0,0.0,1.0,0.0,0.0,0.0,0.0,0.0,0.0,0.0,1.0,0.0,0.0,1.0,0.0,1.0,1.0,1.0,1.0,1.0,16.0
18.0,4.0,4.0,2.0,2.0,0.0,4.0,3.0,4.0,2.0,2.0,4.0,8.0,0.0,0.0,0.0,0.0,1.0,0.0,0.0,0.0,1.0,0.0,1.0,0.0,0.0,0.0,0.0,1.0,1.0,0.0,0.0,0.0,1.0,1.0,1.0,1.0,1.0,0.0,11.0
16.0,4.0,3.0,1.0,2.0,0.0,4.0,3.0,5.0,1.0,5.0,2.0,2.0,0.0,0.0,1.0,0.0,1.0,1.0,0.0,0.0,0.0,0.0,1.0,0.0,0.0,1.0,0.0,0.0,1.0,0.0,0.0,1.0,0.0,1.0,1.0,1.0,1.0,0.0,16.0
17.0,3.0,3.0,2.0,2.0,0.0,4.0,5.0,4.0,2.0,3.0,3.0,2.0,1.0,1.0,1.0,0.0,1.0,1.0,0.0,0.0,0.0,0.0,1.0,0.0,0.0,0.0,0.0,0.0,1.0,0.0,0.0,1.0,1.0,0.0,1.0,1.0,1.0,0.0,13.0
15.0,4.0,2.0,1.0,1.0,0.0,2.0,2.0,4.0,2.0,4.0,1.0,4.0,0.0,1.0,1.0,0.0,1.0,1.0,0.0,0.0,0.0,0.0,0.0,1.0,0.0,0.0,1.0,0.0,1.0,0.0,0.0,0.0,1.0,0.0,1.0,1.0,1.0,0.0,15.0
20.0,4.0,2.0,2.0,3.0,2.0,5.0,4.0,3.0,1.0,1.0,3.0,4.0,1.0,0.0,1.0,0.0,1.0,1.0,0.0,0.0,0.0,0.0,1.0,0.0,0.0,0.0,0.0,0.0,0.0,1.0,0.0,1.0,1.0,0.0,0.0,1.0,1.0,1.0,15.0
17.0,4.0,3.0,1.0,2.0,0.0,3.0,2.0,3.0,1.0,2.0,3.0,14.0,0.0,0.0,1.0,1.0,1.0,1.0,0.0,0.0,0.0,0.0,1.0,0.0,0.0,0.0,0.0,1.0,0.0,0.0,0.0,0.0,0.0,1.0,1.0,1.0,1.0,1.0,14.0
18.0,4.0,3.0,1.0,2.0,0.0,3.0,1.0,2.0,1.0,3.0,2.0,21.0,0.0,0.0,1.0,0.0,1.0,0.0,0.0,1.0,0.0,0.0,1.0,0.0,0.0,1.0,0.0,0.0,0.0,0.0,0.0,1.0,1.0,0.0,1.0,1.0,1.0,1.0,18.0
18.0,2.0,1.0,1.0,3.0,0.0,4.0,2.0,4.0,1.0,3.0,2.0,6.0,0.0,1.0,1.0,0.0,1.0,0.0,0.0,1.0,0.0,0.0,0.0,1.0,0.0,0.0,0.0,1.0,1.0,0.0,0.0,0.0,1.0,1.0,1.0,1.0,1.0,0.0,14.0
16.0,1.0,2.0,2.0,1.0,1.0,4.0,4.0,4.0,2.0,4.0,5.0,0.0,0.0,1.0,1.0,1.0,1.0,0.0,1.0,0.0,0.0,0.0,1.0,0.0,0.0,0.0,0.0,0.0,1.0,0.0,0.0,0.0,0.0,1.0,1.0,1.0,0.0,0.0,0.0
17.0,3.0,4.0,1.0,3.0,0.0,4.0,4.0,5.0,1.0,3.0,5.0,16.0,0.0,0.0,1.0,0.0,1.0,0.0,0.0,1.0,0.0,0.0,1.0,0.0,0.0,0.0,0.0,0.0,1.0,0.0,0.0,0.0,0.0,0.0,1.0,1.0,1.0,0.0,15.0
16.0,1.0,1.0,1.0,2.0,1.0,4.0,4.0,4.0,1.0,3.0,5.0,0.0,0.0,1.0,1.0,1.0,1.0,0.0,0.0,1.0,0.0,0.0,1.0,0.0,0.0,0.0,0.0,0.0,1.0,0.0,0.0,0.0,0.0,0.0,1.0,1.0,0.0,1.0,12.0
16.0,1.0,2.0,1.0,2.0,0.0,4.0,4.0,3.0,1.0,1.0,1.0,4.0,0.0,0.0,1.0,1.0,1.0,0.0,1.0,0.0,0.0,0.0,0.0,1.0,0.0,0.0,0.0,1.0,0.0,0.0,1.0,0.0,0.0,1.0,1.0,1.0,1.0,0.0,9.0
15.0,4.0,4.0,1.0,3.0,0.0,4.0,3.0,3.0,1.0,1.0,5.0,0.0,0.0,0.0,1.0,0.0,1.0,0.0,0.0,1.0,0.0,0.0,0.0,0.0,0.0,0.0,0.0,0.0,1.0,0.0,0.0,1.0,0.0,1.0,1.0,1.0,1.0,1.0,0.0
18.0,2.0,2.0,1.0,1.0,2.0,3.0,3.0,3.0,1.0,2.0,4.0,0.0,0.0,1.0,0.0,0.0,1.0,0.0,0.0,1.0,0.0,0.0,1.0,0.0,0.0,0.0,0.0,1.0,1.0,0.0,0.0,1.0,0.0,1.0,1.0,1.0,1.0,0.0,0.0
15.0,3.0,2.0,1.0,2.0,0.0,4.0,2.0,2.0,1.0,1.0,1.0,0.0,0.0,1.0,1.0,1.0,0.0,0.0,0.0,1.0,0.0,0.0,1.0,0.0,0.0,1.0,0.0,0.0,1.0,0.0,0.0,1.0,1.0,0.0,1.0,1.0,1.0,0.0,19.0
15.0,4.0,3.0,1.0,2.0,0.0,4.0,4.0,4.0,2.0,4.0,2.0,0.0,0.0,0.0,1.0,1.0,1.0,0.0,0.0,1.0,0.0,0.0,0.0,1.0,0.0,0.0,0.0,1.0,0.0,0.0,1.0,0.0,0.0,1.0,1.0,1.0,1.0,1.0,10.0
18.0,4.0,4.0,1.0,2.0,0.0,4.0,2.0,4.0,1.0,1.0,4.0,14.0,0.0,0.0,1.0,1.0,0.0,1.0,0.0,0.0,0.0,0.0,1.0,0.0,0.0,1.0,0.0,0.0,1.0,0.0,0.0,1.0,0.0,0.0,1.0,1.0,1.0,1.0,11.0
15.0,2.0,2.0,1.0,3.0,0.0,4.0,5.0,2.0,1.0,1.0,3.0,0.0,0.0,1.0,1.0,0.0,0.0,0.0,1.0,0.0,0.0,0.0,1.0,0.0,0.0,1.0,0.0,0.0,0.0,1.0,0.0,1.0,0.0,0.0,1.0,1.0,1.0,1.0,16.0
17.0,1.0,2.0,1.0,1.0,0.0,2.0,2.0,2.0,3.0,3.0,5.0,8.0,0.0,1.0,0.0,1.0,1.0,0.0,1.0,0.0,0.0,0.0,1.0,0.0,0.0,0.0,0.0,1.0,1.0,0.0,0.0,0.0,0.0,0.0,1.0,1.0,0.0,0.0,13.0
16.0,2.0,2.0,2.0,2.0,1.0,3.0,3.0,3.0,1.0,2.0,3.0,25.0,0.0,0.0,1.0,1.0,1.0,0.0,1.0,0.0,0.0,0.0,1.0,0.0,0.0,1.0,0.0,0.0,1.0,0.0,0.0,1.0,0.0,1.0,0.0,1.0,1.0,1.0,11.0
18.0,1.0,1.0,2.0,2.0,1.0,4.0,4.0,3.0,2.0,3.0,5.0,2.0,1.0,1.0,0.0,1.0,1.0,0.0,0.0,0.0,0.0,0.0,1.0,0.0,0.0,0.0,1.0,0.0,1.0,0.0,0.0,0.0,0.0,1.0,0.0,0.0,0.0,0.0,12.0
17.0,4.0,3.0,2.0,2.0,0.0,4.0,5.0,5.0,1.0,3.0,2.0,4.0,1.0,1.0,0.0,0.0,1.0,0.0,0.0,1.0,0.0,0.0,1.0,0.0,0.0,1.0,0.0,0.0,1.0,0.0,0.0,1.0,1.0,1.0,0.0,1.0,1.0,1.0,11.0
17.0,4.0,3.0,1.0,2.0,2.0,3.0,4.0,5.0,2.0,4.0,1.0,22.0,0.0,0.0,1.0,0.0,1.0,0.0,1.0,0.0,0.0,0.0,1.0,0.0,0.0,0.0,0.0,1.0,1.0,0.0,0.0,0.0,1.0,0.0,1.0,1.0,1.0,1.0,4.0
18.0,4.0,3.0,2.0,1.0,0.0,4.0,2.0,3.0,1.0,2.0,1.0,8.0,0.0,1.0,1.0,1.0,1.0,0.0,0.0,0.0,1.0,0.0,0.0,1.0,0.0,0.0,0.0,0.0,1.0,0.0,0.0,0.0,1.0,1.0,1.0,1.0,1.0,0.0,10.0
18.0,4.0,4.0,1.0,2.0,1.0,4.0,3.0,3.0,2.0,2.0,2.0,0.0,0.0,1.0,1.0,0.0,1.0,0.0,0.0,0.0,1.0,0.0,0.0,1.0,0.0,1.0,0.0,0.0,0.0,0.0,0.0,1.0,0.0,1.0,1.0,1.0,1.0,0.0,0.0
17.0,2.0,2.0,1.0,2.0,0.0,4.0,4.0,2.0,5.0,5.0,4.0,4.0,0.0,1.0,1.0,1.0,1.0,0.0,1.0,0.0,0.0,0.0,1.0,0.0,0.0,1.0,0.0,0.0,0.0,0.0,0.0,0.0,1.0,1.0,0.0,1.0,1.0,1.0,13.0
16.0,4.0,3.0,1.0,2.0,0.0,1.0,3.0,2.0,1.0,1.0,1.0,10.0,0.0,0.0,1.0,0.0,1.0,0.0,0.0,0.0,1.0,0.0,1.0,0.0,0.0,0.0,1.0,0.0,1.0,0.0,0.0,0.0,1.0,1.0,1.0,1.0,1.0,1.0,13.0
16.0,2.0,2.0,1.0,2.0,0.0,3.0,3.0,4.0,1.0,1.0,4.0,0.0,0.0,0.0,1.0,0.0,0.0,0.0,1.0,0.0,0.0,0.0,1.0,0.0,0.0,0.0,0.0,1.0,1.0,0.0,1.0,1.0,1.0,0.0,1.0,1.0,1.0,0.0,14.0
17.0,3.0,3.0,1.0,1.0,0.0,4.0,4.0,3.0,1.0,3.0,5.0,4.0,0.0,1.0,1.0,0.0,1.0,1.0,0.0,0.0,0.0,0.0,1.0,0.0,0.0,1.0,0.0,0.0,1.0,0.0,0.0,1.0,1.0,0.0,1.0,1.0,1.0,0.0,11.0
18.0,4.0,4.0,1.0,2.0,0.0,3.0,2.0,4.0,1.0,4.0,2.0,4.0,1.0,1.0,1.0,0.0,1.0,0.0,0.0,0.0,1.0,0.0,0.0,0.0,1.0,1.0,0.0,0.0,0.0,0.0,0.0,0.0,1.0,1.0,0.0,1.0,1.0,0.0,14.0
16.0,3.0,3.0,3.0,2.0,0.0,5.0,3.0,3.0,1.0,3.0,2.0,6.0,0.0,1.0,1.0,0.0,1.0,0.0,0.0,0.0,0.0,0.0,1.0,0.0,0.0,0.0,0.0,1.0,0.0,1.0,1.0,1.0,0.0,0.0,0.0,1.0,1.0,0.0,10.0
18.0,2.0,2.0,2.0,3.0,0.0,5.0,3.0,3.0,1.0,3.0,4.0,2.0,1.0,0.0,0.0,0.0,1.0,0.0,0.0,0.0,0.0,0.0,1.0,0.0,0.0,0.0,1.0,0.0,1.0,0.0,0.0,0.0,1.0,0.0,1.0,1.0,0.0,0.0,10.0
18.0,1.0,4.0,3.0,2.0,0.0,4.0,3.0,4.0,1.0,4.0,5.0,0.0,1.0,0.0,0.0,1.0,0.0,0.0,0.0,0.0,0.0,0.0,1.0,0.0,0.0,0.0,0.0,0.0,1.0,0.0,0.0,0.0,0.0,0.0,1.0,1.0,0.0,1.0,13.0
17.0,3.0,2.0,1.0,4.0,0.0,5.0,2.0,2.0,1.0,2.0,5.0,0.0,0.0,0.0,1.0,0.0,1.0,1.0,0.0,0.0,0.0,1.0,0.0,0.0,0.0,0.0,0.0,1.0,0.0,0.0,0.0,1.0,1.0,1.0,0.0,1.0,1.0,0.0,18.0
18.0,2.0,1.0,2.0,2.0,0.0,4.0,3.0,5.0,1.0,2.0,3.0,0.0,0.0,0.0,0.0,0.0,1.0,0.0,1.0,0.0,0.0,0.0,1.0,0.0,0.0,0.0,0.0,1.0,1.0,0.0,0.0,1.0,0.0,0.0,1.0,0.0,1.0,1.0,0.0
16.0,2.0,3.0,1.0,2.0,0.0,4.0,4.0,3.0,1.0,3.0,4.0,6.0,0.0,0.0,1.0,0.0,1.0,0.0,1.0,0.0,0.0,0.0,1.0,0.0,0.0,0.0,0.0,1.0,1.0,0.0,1.0,1.0,1.0,1.0,1.0,1.0,0.0,0.0,10.0
15.0,3.0,2.0,2.0,2.0,2.0,4.0,4.0,4.0,1.0,4.0,3.0,6.0,0.0,1.0,0.0,0.0,1.0,0.0,1.0,0.0,0.0,0.0,1.0,0.0,0.0,0.0,0.0,0.0,1.0,0.0,1.0,1.0,0.0,0.0,1.0,1.0,1.0,1.0,7.0
15.0,2.0,2.0,1.0,1.0,0.0,5.0,4.0,1.0,1.0,1.0,1.0,0.0,0.0,1.0,1.0,0.0,1.0,0.0,0.0,1.0,0.0,0.0,0.0,1.0,0.0,0.0,0.0,0.0,0.0,0.0,1.0,1.0,0.0,0.0,1.0,1.0,1.0,0.0,11.0
18.0,3.0,3.0,1.0,2.0,1.0,3.0,2.0,4.0,2.0,4.0,4.0,13.0,0.0,1.0,1.0,1.0,1.0,0.0,0.0,1.0,0.0,1.0,0.0,0.0,0.0,1.0,0.0,0.0,0.0,0.0,0.0,1.0,1.0,0.0,1.0,1.0,1.0,0.0,8.0
16.0,2.0,3.0,1.0,2.0,0.0,4.0,3.0,3.0,1.0,1.0,2.0,10.0,0.0,0.0,1.0,0.0,1.0,0.0,0.0,1.0,0.0,0.0,0.0,1.0,0.0,0.0,0.0,0.0,1.0,0.0,0.0,0.0,0.0,0.0,1.0,1.0,1.0,0.0,13.0
19.0,1.0,1.0,1.0,2.0,1.0,4.0,4.0,3.0,1.0,3.0,3.0,18.0,0.0,0.0,1.0,1.0,1.0,0.0,0.0,0.0,0.0,0.0,1.0,0.0,0.0,0.0,0.0,1.0,0.0,1.0,1.0,1.0,0.0,1.0,0.0,1.0,1.0,0.0,10.0
17.0,2.0,2.0,1.0,4.0,0.0,3.0,4.0,1.0,1.0,1.0,2.0,0.0,0.0,0.0,1.0,1.0,1.0,0.0,0.0,1.0,0.0,0.0,0.0,1.0,0.0,0.0,0.0,0.0,0.0,0.0,0.0,0.0,1.0,1.0,1.0,1.0,1.0,1.0,0.0
15.0,3.0,3.0,1.0,4.0,0.0,4.0,3.0,3.0,1.0,1.0,4.0,10.0,0.0,0.0,1.0,0.0,0.0,0.0,1.0,0.0,0.0,1.0,0.0,0.0,0.0,0.0,0.0,1.0,0.0,0.0,1.0,0.0,0.0,0.0,1.0,1.0,0.0,0.0,11.0
15.0,4.0,4.0,1.0,1.0,0.0,3.0,3.0,4.0,2.0,3.0,5.0,0.0,0.0,0.0,1.0,0.0,1.0,0.0,0.0,1.0,0.0,0.0,0.0,1.0,0.0,0.0,0.0,0.0,1.0,0.0,1.0,1.0,1.0,0.0,1.0,1.0,1.0,0.0,11.0
17.0,1.0,1.0,1.0,2.0,0.0,5.0,3.0,3.0,1.0,1.0,3.0,4.0,0.0,0.0,1.0,0.0,1.0,0.0,0.0,0.0,0.0,0.0,1.0,0.0,0.0,0.0,0.0,0.0,0.0,0.0,0.0,1.0,0.0,0.0,0.0,1.0,1.0,0.0,6.0
15.0,4.0,4.0,1.0,2.0,1.0,4.0,4.0,4.0,1.0,1.0,3.0,2.0,0.0,0.0,1.0,0.0,1.0,0.0,0.0,1.0,0.0,0.0,0.0,0.0,1.0,0.0,1.0,0.0,0.0,0.0,1.0,1.0,0.0,1.0,0.0,1.0,1.0,0.0,7.0
15.0,2.0,3.0,1.0,1.0,0.0,3.0,2.0,2.0,1.0,3.0,3.0,2.0,0.0,1.0,1.0,0.0,1.0,0.0,1.0,0.0,0.0,0.0,0.0,1.0,0.0,0.0,0.0,0.0,0.0,0.0,1.0,1.0,1.0,1.0,0.0,1.0,1.0,1.0,12.0
17.0,3.0,4.0,1.0,3.0,1.0,4.0,4.0,3.0,3.0,4.0,5.0,28.0,0.0,0.0,1.0,0.0,1.0,0.0,0.0,0.0,0.0,0.0,0.0,1.0,0.0,1.0,0.0,0.0,1.0,0.0,0.0,1.0,1.0,0.0,1.0,1.0,1.0,1.0,9.0
16.0,3.0,2.0,1.0,1.0,0.0,5.0,4.0,3.0,1.0,1.0,5.0,0.0,0.0,1.0,1.0,0.0,1.0,0.0,1.0,0.0,0.0,0.0,1.0,0.0,0.0,1.0,0.0,0.0,1.0,0.0,0.0,1.0,1.0,0.0,0.0,1.0,1.0,0.0,15.0
17.0,3.0,3.0,1.0,3.0,0.0,3.0,2.0,3.0,1.0,1.0,4.0,4.0,0.0,0.0,1.0,0.0,1.0,0.0,1.0,0.0,0.0,0.0,1.0,0.0,0.0,1.0,0.0,0.0,1.0,0.0,0.0,0.0,0.0,1.0,0.0,1.0,0.0,0.0,9.0
15.0,4.0,3.0,1.0,1.0,0.0,4.0,5.0,5.0,1.0,3.0,1.0,4.0,0.0,0.0,1.0,0.0,1.0,0.0,0.0,1.0,0.0,0.0,1.0,0.0,0.0,0.0,0.0,1.0,1.0,0.0,0.0,0.0,1.0,1.0,1.0,1.0,1.0,0.0,18.0
17.0,3.0,2.0,1.0,2.0,0.0,4.0,3.0,3.0,2.0,3.0,2.0,4.0,0.0,0.0,0.0,0.0,0.0,0.0,1.0,0.0,0.0,0.0,1.0,0.0,0.0,1.0,0.0,0.0,1.0,0.0,0.0,1.0,1.0,0.0,1.0,1.0,1.0,0.0,10.0
15.0,4.0,2.0,2.0,1.0,1.0,5.0,5.0,5.0,3.0,4.0,5.0,6.0,0.0,1.0,1.0,1.0,0.0,1.0,0.0,0.0,0.0,1.0,0.0,0.0,0.0,0.0,1.0,0.0,0.0,0.0,0.0,0.0,0.0,0.0,1.0,1.0,0.0,0.0,10.0
18.0,2.0,2.0,1.0,3.0,0.0,4.0,3.0,3.0,1.0,1.0,3.0,0.0,0.0,0.0,1.0,0.0,1.0,0.0,0.0,0.0,0.0,0.0,0.0,1.0,0.0,1.0,0.0,0.0,1.0,0.0,0.0,1.0,1.0,1.0,1.0,1.0,1.0,1.0,0.0
17.0,4.0,4.0,2.0,2.0,0.0,3.0,3.0,3.0,2.0,3.0,4.0,2.0,0.0,1.0,0.0,1.0,0.0,0.0,0.0,0.0,1.0,0.0,1.0,0.0,0.0,0.0,0.0,0.0,1.0,0.0,0.0,1.0,1.0,0.0,1.0,1.0,1.0,0.0,12.0
15.0,4.0,3.0,2.0,2.0,0.0,5.0,4.0,3.0,1.0,2.0,3.0,2.0,0.0,1.0,1.0,0.0,1.0,0.0,0.0,0.0,1.0,0.0,1.0,0.0,0.0,0.0,0.0,0.0,1.0,0.0,0.0,1.0,1.0,0.0,1.0,1.0,1.0,0.0,11.0
19.0,2.0,3.0,1.0,3.0,1.0,4.0,1.0,2.0,1.0,1.0,3.0,40.0,0.0,0.0,0.0,0.0,1.0,0.0,1.0,0.0,0.0,0.0,1.0,0.0,0.0,0.0,0.0,1.0,0.0,1.0,0.0,0.0,0.0,0.0,1.0,1.0,1.0,1.0,11.0
16.0,2.0,2.0,2.0,2.0,1.0,4.0,4.0,2.0,1.0,1.0,3.0,12.0,0.0,1.0,1.0,0.0,1.0,0.0,0.0,1.0,0.0,0.0,1.0,0.0,0.0,0.0,0.0,1.0,0.0,0.0,0.0,0.0,1.0,1.0,0.0,1.0,1.0,0.0,10.0
17.0,1.0,2.0,1.0,2.0,0.0,3.0,5.0,2.0,2.0,2.0,1.0,2.0,0.0,1.0,0.0,0.0,1.0,0.0,0.0,0.0,0.0,0.0,0.0,0.0,0.0,1.0,0.0,0.0,1.0,0.0,0.0,1.0,1.0,1.0,0.0,1.0,0.0,1.0,14.0
16.0,2.0,2.0,1.0,2.0,0.0,4.0,3.0,5.0,2.0,4.0,4.0,4.0,0.0,1.0,1.0,0.0,1.0,0.0,1.0,0.0,0.0,0.0,1.0,0.0,0.0,0.0,0.0,0.0,0.0,0.0,0.0,0.0,0.0,0.0,1.0,0.0,1.0,0.0,10.0
17.0,4.0,4.0,1.0,3.0,0.0,5.0,4.0,4.0,1.0,3.0,4.0,7.0,0.0,0.0,1.0,0.0,1.0,0.0,0.0,0.0,1.0,0.0,0.0,1.0,0.0,0.0,0.0,0.0,1.0,0.0,0.0,1.0,1.0,1.0,1.0,1.0,1.0,0.0,9.0
18.0,3.0,1.0,1.0,2.0,0.0,4.0,3.0,4.0,1.0,1.0,1.0,0.0,1.0,0.0,1.0,1.0,1.0,0.0,0.0,0.0,1.0,0.0,0.0,1.0,0.0,0.0,0.0,0.0,1.0,0.0,0.0,1.0,1.0,0.0,1.0,1.0,1.0,0.0,8.0
15.0,3.0,4.0,4.0,2.0,0.0,5.0,3.0,3.0,1.0,1.0,5.0,0.0,0.0,1.0,0.0,0.0,1.0,0.0,0.0,0.0,0.0,0.0,0.0,0.0,1.0,0.0,0.0,0.0,1.0,0.0,0.0,1.0,0.0,0.0,1.0,1.0,0.0,1.0,0.0
20.0,3.0,2.0,1.0,1.0,0.0,5.0,5.0,3.0,1.0,1.0,5.0,0.0,0.0,1.0,1.0,0.0,0.0,0.0,0.0,1.0,0.0,0.0,1.0,0.0,0.0,0.0,0.0,0.0,0.0,1.0,0.0,0.0,0.0,1.0,1.0,1.0,0.0,0.0,18.0
18.0,3.0,3.0,1.0,2.0,0.0,4.0,1.0,3.0,1.0,2.0,1.0,0.0,1.0,0.0,1.0,0.0,1.0,0.0,1.0,0.0,0.0,0.0,1.0,0.0,0.0,1.0,0.0,0.0,1.0,0.0,0.0,0.0,1.0,0.0,1.0,1.0,1.0,1.0,15.0
18.0,4.0,4.0,1.0,2.0,0.0,4.0,4.0,4.0,3.0,3.0,5.0,2.0,0.0,0.0,1.0,0.0,1.0,0.0,0.0,0.0,1.0,0.0,1.0,0.0,0.0,0.0,0.0,0.0,1.0,0.0,0.0,1.0,1.0,0.0,1.0,1.0,1.0,0.0,11.0
16.0,4.0,4.0,1.0,1.0,0.0,5.0,3.0,2.0,1.0,2.0,5.0,0.0,0.0,1.0,1.0,0.0,1.0,0.0,0.0,1.0,0.0,0.0,0.0,1.0,0.0,0.0,0.0,0.0,1.0,0.0,0.0,0.0,0.0,1.0,1.0,1.0,1.0,0.0,12.0
15.0,3.0,3.0,1.0,1.0,0.0,5.0,3.0,4.0,4.0,4.0,1.0,6.0,0.0,0.0,1.0,1.0,0.0,0.0,1.0,0.0,0.0,0.0,1.0,0.0,0.0,0.0,1.0,0.0,1.0,0.0,0.0,0.0,1.0,0.0,1.0,1.0,1.0,0.0,13.0
16.0,2.0,2.0,3.0,2.0,0.0,4.0,3.0,3.0,2.0,3.0,4.0,2.0,0.0,0.0,1.0,1.0,1.0,0.0,0.0,1.0,0.0,0.0,0.0,1.0,0.0,0.0,0.0,0.0,1.0,0.0,0.0,1.0,1.0,0.0,1.0,1.0,1.0,0.0,13.0
16.0,3.0,3.0,2.0,2.0,0.0,4.0,4.0,5.0,1.0,1.0,4.0,4.0,0.0,0.0,1.0,1.0,1.0,0.0,1.0,0.0,0.0,0.0,1.0,0.0,0.0,0.0,0.0,1.0,1.0,0.0,0.0,1.0,1.0,1.0,1.0,1.0,1.0,0.0,9.0
17.0,1.0,2.0,1.0,2.0,0.0,3.0,1.0,3.0,1.0,5.0,3.0,4.0,0.0,1.0,0.0,0.0,1.0,0.0,0.0,0.0,0.0,0.0,1.0,0.0,0.0,1.0,0.0,0.0,1.0,0.0,0.0,0.0,0.0,0.0,1.0,1.0,0.0,0.0,10.0
21.0,1.0,1.0,1.0,1.0,3.0,5.0,5.0,3.0,3.0,3.0,3.0,3.0,1.0,1.0,0.0,0.0,1.0,0.0,1.0,0.0,0.0,0.0,1.0,0.0,0.0,0.0,0.0,0.0,0.0,1.0,0.0,0.0,0.0,0.0,0.0,1.0,0.0,0.0,7.0
16.0,2.0,1.0,1.0,2.0,0.0,4.0,2.0,3.0,1.0,2.0,5.0,0.0,0.0,1.0,1.0,1.0,1.0,0.0,1.0,0.0,0.0,0.0,1.0,0.0,0.0,0.0,0.0,0.0,1.0,0.0,0.0,0.0,1.0,1.0,1.0,1.0,1.0,1.0,15.0
16.0,4.0,4.0,1.0,2.0,0.0,4.0,4.0,2.0,1.0,1.0,3.0,0.0,0.0,0.0,1.0,0.0,1.0,1.0,0.0,0.0,0.0,1.0,0.0,0.0,0.0,0.0,0.0,1.0,1.0,0.0,0.0,1.0,1.0,0.0,1.0,1.0,1.0,1.0,14.0
15.0,1.0,2.0,1.0,2.0,0.0,4.0,3.0,2.0,1.0,1.0,5.0,2.0,0.0,1.0,1.0,1.0,1.0,0.0,1.0,0.0,0.0,0.0,0.0,0.0,0.0,1.0,0.0,0.0,0.0,0.0,1.0,1.0,0.0,1.0,1.0,1.0,1.0,0.0,9.0
15.0,4.0,2.0,1.0,2.0,0.0,4.0,3.0,3.0,2.0,2.0,5.0,2.0,0.0,1.0,1.0,0.0,1.0,0.0,0.0,0.0,1.0,0.0,1.0,0.0,0.0,1.0,0.0,0.0,1.0,0.0,0.0,1.0,1.0,0.0,1.0,1.0,0.0,0.0,14.0
18.0,2.0,3.0,1.0,3.0,0.0,4.0,3.0,3.0,1.0,2.0,3.0,4.0,0.0,0.0,1.0,0.0,1.0,0.0,0.0,0.0,0.0,0.0,1.0,0.0,0.0,0.0,0.0,0.0,1.0,0.0,0.0,1.0,0.0,0.0,1.0,1.0,1.0,0.0,10.0
16.0,3.0,2.0,2.0,3.0,0.0,5.0,3.0,3.0,1.0,3.0,2.0,10.0,0.0,1.0,1.0,0.0,1.0,0.0,0.0,0.0,0.0,0.0,1.0,0.0,0.0,0.0,0.0,1.0,1.0,0.0,0.0,0.0,0.0,1.0,1.0,1.0,1.0,1.0,10.0
18.0,2.0,1.0,1.0,1.0,1.0,3.0,2.0,5.0,2.0,5.0,5.0,4.0,0.0,1.0,1.0,0.0,1.0,0.0,0.0,1.0,0.0,0.0,0.0,1.0,0.0,0.0,1.0,0.0,1.0,0.0,0.0,0.0,0.0,0.0,0.0,0.0,1.0,0.0,8.0
15.0,4.0,4.0,1.0,1.0,0.0,5.0,4.0,2.0,1.0,1.0,5.0,0.0,0.0,1.0,1.0,0.0,1.0,1.0,0.0,0.0,0.0,1.0,0.0,0.0,0.0,0.0,1.0,0.0,0.0,0.0,0.0,1.0,1.0,0.0,1.0,1.0,1.0,0.0,15.0
19.0,3.0,2.0,2.0,2.0,1.0,4.0,2.0,2.0,1.0,2.0,1.0,22.0,0.0,0.0,1.0,1.0,1.0,0.0,0.0,1.0,0.0,0.0,1.0,0.0,0.0,0.0,0.0,1.0,0.0,1.0,0.0,1.0,1.0,0.0,0.0,1.0,1.0,1.0,11.0
17.0,2.0,1.0,2.0,1.0,2.0,3.0,3.0,2.0,2.0,2.0,5.0,0.0,0.0,1.0,0.0,1.0,1.0,0.0,0.0,0.0,0.0,0.0,1.0,0.0,0.0,0.0,0.0,0.0,1.0,0.0,0.0,0.0,0.0,1.0,1.0,0.0,1.0,1.0,0.0
18.0,3.0,2.0,2.0,2.0,0.0,4.0,1.0,1.0,1.0,1.0,5.0,75.0,0.0,0.0,0.0,0.0,0.0,0.0,1.0,0.0,0.0,0.0,0.0,1.0,0.0,1.0,0.0,0.0,1.0,0.0,0.0,0.0,0.0,0.0,0.0,0.0,1.0,1.0,9.0
17.0,1.0,1.0,1.0,2.0,0.0,5.0,3.0,3.0,1.0,1.0,3.0,0.0,0.0,0.0,1.0,0.0,1.0,0.0,0.0,0.0,0.0,0.0,0.0,1.0,0.0,0.0,0.0,0.0,1.0,0.0,0.0,0.0,0.0,1.0,1.0,1.0,1.0,0.0,9.0
17.0,3.0,1.0,2.0,4.0,0.0,3.0,1.0,2.0,1.0,1.0,3.0,6.0,0.0,0.0,0.0,1.0,1.0,0.0,0.0,1.0,0.0,0.0,1.0,0.0,0.0,0.0,0.0,1.0,1.0,0.0,0.0,1.0,1.0,0.0,1.0,1.0,0.0,0.0,18.0
17.0,2.0,2.0,1.0,2.0,1.0,3.0,3.0,1.0,1.0,2.0,4.0,0.0,0.0,0.0,1.0,0.0,0.0,0.0,0.0,0.0,0.0,0.0,0.0,0.0,0.0,1.0,0.0,0.0,0.0,0.0,0.0,1.0,0.0,0.0,1.0,1.0,1.0,1.0,0.0
19.0,4.0,3.0,1.0,2.0,0.0,4.0,3.0,1.0,1.0,1.0,1.0,12.0,0.0,1.0,1.0,1.0,0.0,0.0,0.0,1.0,0.0,0.0,0.0,0.0,0.0,0.0,0.0,1.0,1.0,0.0,0.0,1.0,0.0,0.0,1.0,1.0,1.0,0.0,11.0
19.0,3.0,3.0,1.0,2.0,1.0,4.0,5.0,3.0,1.0,2.0,5.0,0.0,0.0,1.0,0.0,0.0,1.0,0.0,1.0,0.0,0.0,0.0,0.0,1.0,0.0,0.0,0.0,1.0,0.0,0.0,0.0,0.0,0.0,1.0,1.0,1.0,0.0,1.0,12.0
15.0,2.0,1.0,4.0,1.0,3.0,4.0,5.0,5.0,2.0,5.0,5.0,0.0,0.0,1.0,1.0,1.0,0.0,0.0,0.0,1.0,0.0,0.0,1.0,0.0,0.0,0.0,0.0,0.0,1.0,0.0,0.0,0.0,0.0,0.0,1.0,1.0,1.0,0.0,10.0
15.0,3.0,4.0,2.0,3.0,2.0,4.0,2.0,2.0,2.0,2.0,5.0,0.0,0.0,0.0,0.0,0.0,1.0,0.0,0.0,1.0,0.0,0.0,0.0,0.0,1.0,0.0,0.0,0.0,0.0,0.0,0.0,1.0,0.0,0.0,1.0,1.0,1.0,1.0,0.0
16.0,2.0,1.0,1.0,1.0,1.0,4.0,4.0,4.0,3.0,5.0,5.0,6.0,0.0,1.0,1.0,1.0,1.0,0.0,0.0,0.0,0.0,0.0,1.0,0.0,0.0,0.0,0.0,0.0,1.0,0.0,0.0,0.0,0.0,1.0,1.0,1.0,0.0,1.0,14.0
18.0,1.0,1.0,2.0,3.0,0.0,5.0,3.0,2.0,1.0,1.0,4.0,0.0,1.0,0.0,1.0,1.0,1.0,0.0,0.0,0.0,0.0,0.0,0.0,1.0,0.0,0.0,0.0,0.0,0.0,0.0,0.0,0.0,0.0,0.0,1.0,1.0,1.0,0.0,16.0
16.0,4.0,3.0,1.0,3.0,0.0,5.0,3.0,5.0,1.0,1.0,3.0,0.0,0.0,0.0,1.0,0.0,1.0,0.0,1.0,0.0,0.0,0.0,0.0,0.0,0.0,0.0,0.0,0.0,1.0,0.0,1.0,1.0,1.0,0.0,1.0,1.0,1.0,0.0,8.0
17.0,2.0,2.0,1.0,3.0,0.0,3.0,4.0,3.0,1.0,1.0,3.0,8.0,1.0,0.0,1.0,0.0,1.0,0.0,1.0,0.0,0.0,0.0,0.0,0.0,0.0,1.0,0.0,0.0,1.0,0.0,0.0,0.0,0.0,1.0,1.0,1.0,0.0,1.0,11.0
15.0,4.0,2.0,1.0,3.0,0.0,5.0,3.0,3.0,1.0,3.0,1.0,4.0,0.0,0.0,1.0,0.0,1.0,0.0,1.0,0.0,0.0,0.0,1.0,0.0,0.0,0.0,0.0,1.0,1.0,0.0,0.0,1.0,0.0,1.0,1.0,1.0,1.0,0.0,14.0
18.0,2.0,2.0,1.0,4.0,0.0,4.0,5.0,5.0,2.0,4.0,5.0,2.0,0.0,1.0,1.0,1.0,1.0,0.0,1.0,0.0,0.0,0.0,1.0,0.0,0.0,0.0,0.0,0.0,1.0,0.0,0.0,1.0,0.0,1.0,1.0,1.0,1.0,0.0,8.0
17.0,4.0,4.0,1.0,1.0,0.0,5.0,2.0,1.0,1.0,2.0,3.0,12.0,0.0,0.0,0.0,1.0,1.0,0.0,0.0,1.0,0.0,0.0,1.0,0.0,0.0,0.0,1.0,0.0,1.0,0.0,0.0,1.0,1.0,0.0,1.0,1.0,0.0,0.0,10.0
15.0,2.0,2.0,1.0,4.0,0.0,5.0,5.0,4.0,1.0,2.0,5.0,6.0,0.0,1.0,1.0,0.0,1.0,0.0,0.0,1.0,0.0,0.0,0.0,1.0,0.0,1.0,0.0,0.0,0.0,0.0,0.0,1.0,1.0,1.0,1.0,1.0,1.0,0.0,15.0
19.0,1.0,1.0,1.0,1.0,0.0,3.0,2.0,3.0,3.0,3.0,5.0,5.0,1.0,1.0,1.0,1.0,1.0,0.0,1.0,0.0,0.0,0.0,0.0,0.0,0.0,0.0,0.0,0.0,0.0,0.0,0.0,0.0,0.0,0.0,1.0,1.0,1.0,0.0,9.0
15.0,4.0,3.0,1.0,2.0,0.0,4.0,4.0,1.0,1.0,1.0,1.0,0.0,0.0,1.0,1.0,0.0,1.0,0.0,0.0,0.0,1.0,0.0,1.0,0.0,0.0,0.0,0.0,1.0,1.0,0.0,0.0,0.0,0.0,0.0,1.0,1.0,1.0,0.0,15.0
17.0,3.0,3.0,1.0,2.0,0.0,3.0,3.0,3.0,1.0,3.0,3.0,6.0,0.0,0.0,1.0,0.0,0.0,1.0,0.0,0.0,0.0,0.0,1.0,0.0,0.0,0.0,0.0,1.0,1.0,0.0,0.0,1.0,0.0,0.0,0.0,1.0,1.0,1.0,9.0
15.0,4.0,2.0,1.0,4.0,0.0,3.0,3.0,3.0,1.0,1.0,3.0,0.0,0.0,1.0,1.0,0.0,1.0,0.0,1.0,0.0,0.0,0.0,1.0,0.0,0.0,0.0,0.0,0.0,1.0,0.0,0.0,0.0,0.0,0.0,1.0,1.0,1.0,0.0,10.0
15.0,2.0,2.0,1.0,4.0,0.0,5.0,1.0,2.0,1.0,1.0,3.0,8.0,0.0,0.0,1.0,0.0,1.0,0.0,1.0,0.0,0.0,0.0,1.0,0.0,0.0,0.0,0.0,0.0,1.0,0.0,1.0,1.0,1.0,0.0,1.0,1.0,1.0,0.0,8.0
19.0,3.0,3.0,1.0,2.0,2.0,4.0,3.0,5.0,3.0,3.0,5.0,15.0,0.0,0.0,1.0,0.0,1.0,0.0,1.0,0.0,0.0,0.0,0.0,1.0,0.0,1.0,0.0,0.0,0.0,1.0,0.0,1.0,1.0,1.0,1.0,1.0,1.0,0.0,9.0
17.0,4.0,3.0,1.0,3.0,0.0,4.0,4.0,3.0,1.0,3.0,4.0,0.0,0.0,0.0,1.0,0.0,1.0,1.0,0.0,0.0,0.0,0.0,1.0,0.0,0.0,0.0,0.0,1.0,1.0,0.0,0.0,1.0,1.0,1.0,1.0,1.0,1.0,1.0,15.0
15.0,4.0,4.0,1.0,1.0,0.0,5.0,3.0,3.0,1.0,1.0,5.0,4.0,0.0,1.0,1.0,0.0,1.0,0.0,0.0,1.0,0.0,0.0,1.0,0.0,0.0,0.0,0.0,0.0,1.0,0.0,0.0,1.0,0.0,1.0,0.0,1.0,1.0,0.0,14.0
17.0,2.0,1.0,2.0,1.0,3.0,4.0,5.0,1.0,1.0,1.0,3.0,2.0,0.0,1.0,1.0,0.0,1.0,0.0,1.0,0.0,0.0,0.0,1.0,0.0,0.0,1.0,0.0,0.0,1.0,0.0,1.0,1.0,0.0,1.0,1.0,0.0,1.0,0.0,10.0
18.0,1.0,2.0,3.0,1.0,0.0,4.0,3.0,3.0,2.0,3.0,3.0,3.0,1.0,1.0,0.0,1.0,1.0,0.0,0.0,0.0,0.0,0.0,0.0,1.0,0.0,0.0,1.0,0.0,0.0,0.0,0.0,1.0,1.0,1.0,1.0,0.0,1.0,1.0,12.0
18.0,3.0,3.0,1.0,2.0,1.0,4.0,3.0,3.0,1.0,3.0,5.0,8.0,0.0,1.0,0.0,1.0,1.0,0.0,1.0,0.0,0.0,0.0,0.0,1.0,0.0,0.0,0.0,0.0,1.0,0.0,0.0,1.0,0.0,0.0,1.0,1.0,1.0,1.0,5.0
16.0,2.0,1.0,1.0,2.0,0.0,5.0,3.0,4.0,1.0,1.0,2.0,8.0,0.0,0.0,1.0,0.0,0.0,0.0,1.0,0.0,0.0,0.0,1.0,0.0,0.0,0.0,1.0,0.0,1.0,0.0,0.0,0.0,1.0,1.0,1.0,1.0,1.0,1.0,10.0
20.0,2.0,2.0,1.0,2.0,2.0,5.0,5.0,4.0,4.0,5.0,4.0,11.0,1.0,1.0,1.0,1.0,0.0,0.0,0.0,1.0,0.0,0.0,0.0,1.0,0.0,0.0,0.0,0.0,0.0,1.0,0.0,1.0,1.0,0.0,1.0,1.0,0.0,0.0,9.0
18.0,2.0,2.0,2.0,2.0,0.0,3.0,3.0,3.0,5.0,5.0,4.0,0.0,0.0,1.0,1.0,0.0,1.0,0.0,1.0,0.0,0.0,0.0,1.0,0.0,0.0,1.0,0.0,0.0,1.0,0.0,0.0,1.0,1.0,0.0,1.0,1.0,1.0,0.0,13.0
15.0,4.0,4.0,1.0,2.0,0.0,4.0,3.0,3.0,1.0,1.0,5.0,2.0,0.0,1.0,1.0,0.0,1.0,0.0,0.0,1.0,0.0,0.0,0.0,0.0,1.0,0.0,0.0,0.0,0.0,0.0,0.0,1.0,0.0,1.0,1.0,1.0,1.0,0.0,18.0
16.0,1.0,1.0,2.0,2.0,0.0,3.0,4.0,2.0,1.0,1.0,5.0,18.0,0.0,1.0,1.0,1.0,1.0,0.0,1.0,0.0,0.0,0.0,1.0,0.0,0.0,1.0,0.0,0.0,1.0,0.0,0.0,1.0,1.0,0.0,1.0,1.0,1.0,0.0,6.0
18.0,2.0,1.0,2.0,2.0,0.0,5.0,3.0,3.0,1.0,2.0,1.0,0.0,0.0,0.0,1.0,0.0,1.0,0.0,0.0,1.0,0.0,0.0,1.0,0.0,0.0,0.0,0.0,0.0,1.0,0.0,0.0,1.0,1.0,1.0,1.0,1.0,1.0,0.0,0.0
15.0,4.0,4.0,2.0,2.0,0.0,4.0,4.0,3.0,1.0,1.0,2.0,2.0,0.0,1.0,1.0,0.0,1.0,0.0,1.0,0.0,0.0,0.0,0.0,0.0,1.0,0.0,0.0,1.0,0.0,0.0,0.0,1.0,0.0,1.0,1.0,1.0,0.0,0.0,14.0
15.0,3.0,4.0,1.0,2.0,0.0,5.0,5.0,1.0,1.0,1.0,5.0,0.0,0.0,1.0,1.0,0.0,1.0,0.0,1.0,0.0,0.0,0.0,1.0,0.0,0.0,1.0,0.0,0.0,1.0,0.0,0.0,1.0,1.0,1.0,1.0,1.0,1.0,0.0,15.0
17.0,4.0,3.0,2.0,3.0,0.0,4.0,4.0,2.0,1.0,1.0,4.0,6.0,0.0,0.0,0.0,0.0,1.0,0.0,0.0,0.0,1.0,0.0,1.0,0.0,0.0,0.0,0.0,1.0,1.0,0.0,0.0,1.0,1.0,1.0,1.0,1.0,1.0,1.0,7.0
17.0,3.0,1.0,1.0,3.0,0.0,3.0,4.0,3.0,2.0,3.0,5.0,1.0,0.0,0.0,1.0,0.0,1.0,0.0,0.0,1.0,0.0,0.0,0.0,1.0,0.0,0.0,0.0,0.0,0.0,0.0,0.0,1.0,0.0,0.0,0.0,1.0,1.0,0.0,15.0
18.0,3.0,2.0,3.0,1.0,0.0,4.0,4.0,1.0,3.0,4.0,5.0,0.0,1.0,1.0,0.0,1.0,1.0,0.0,0.0,1.0,0.0,0.0,1.0,0.0,0.0,0.0,0.0,0.0,1.0,0.0,0.0,0.0,0.0,0.0,0.0,1.0,1.0,0.0,10.0
18.0,2.0,1.0,1.0,2.0,0.0,5.0,2.0,4.0,1.0,2.0,4.0,8.0,0.0,1.0,1.0,0.0,1.0,0.0,1.0,0.0,0.0,0.0,1.0,0.0,0.0,1.0,0.0,0.0,1.0,0.0,0.0,0.0,0.0,1.0,1.0,1.0,1.0,0.0,14.0
15.0,2.0,3.0,1.0,2.0,0.0,4.0,4.0,4.0,1.0,1.0,1.0,2.0,0.0,1.0,0.0,0.0,1.0,0.0,0.0,0.0,0.0,0.0,0.0,1.0,0.0,0.0,0.0,0.0,1.0,0.0,1.0,0.0,1.0,1.0,1.0,1.0,0.0,0.0,8.0
16.0,2.0,2.0,1.0,2.0,0.0,5.0,4.0,4.0,1.0,1.0,5.0,0.0,0.0,0.0,1.0,0.0,1.0,0.0,1.0,0.0,0.0,0.0,1.0,0.0,0.0,1.0,0.0,0.0,1.0,0.0,0.0,0.0,1.0,0.0,1.0,1.0,1.0,1.0,8.0
18.0,1.0,1.0,2.0,2.0,0.0,4.0,4.0,3.0,1.0,1.0,3.0,2.0,0.0,0.0,1.0,1.0,1.0,0.0,1.0,0.0,0.0,0.0,1.0,0.0,0.0,1.0,0.0,0.0,1.0,0.0,0.0,1.0,1.0,0.0,0.0,1.0,0.0,0.0,11.0
17.0,0.0,2.0,2.0,3.0,0.0,3.0,3.0,3.0,2.0,3.0,2.0,0.0,0.0,0.0,1.0,1.0,1.0,0.0,0.0,0.0,0.0,0.0,0.0,0.0,0.0,1.0,0.0,0.0,0.0,0.0,0.0,0.0,0.0,0.0,1.0,1.0,1.0,0.0,15.0
18.0,2.0,2.0,2.0,4.0,0.0,4.0,4.0,4.0,1.0,1.0,4.0,0.0,0.0,0.0,0.0,0.0,1.0,0.0,0.0,0.0,0.0,0.0,1.0,0.0,0.0,0.0,0.0,0.0,1.0,0.0,0.0,0.0,0.0,1.0,1.0,1.0,0.0,0.0,0.0
16.0,4.0,4.0,1.0,1.0,0.0,4.0,4.0,4.0,1.0,2.0,2.0,4.0,0.0,0.0,1.0,0.0,1.0,1.0,0.0,0.0,0.0,0.0,1.0,0.0,0.0,1.0,0.0,0.0,1.0,0.0,0.0,1.0,0.0,0.0,1.0,1.0,1.0,0.0,14.0
17.0,3.0,1.0,2.0,1.0,0.0,2.0,4.0,5.0,3.0,4.0,2.0,3.0,1.0,1.0,1.0,1.0,1.0,0.0,0.0,1.0,0.0,0.0,0.0,1.0,0.0,0.0,0.0,0.0,1.0,0.0,0.0,0.0,0.0,0.0,0.0,1.0,1.0,0.0,16.0
16.0,4.0,2.0,1.0,2.0,0.0,4.0,2.0,3.0,1.0,1.0,3.0,0.0,0.0,0.0,1.0,0.0,1.0,1.0,0.0,0.0,0.0,0.0,0.0,1.0,0.0,1.0,0.0,0.0,0.0,0.0,0.0,0.0,1.0,0.0,1.0,1.0,1.0,1.0,16.0
18.0,4.0,4.0,2.0,2.0,0.0,4.0,3.0,4.0,1.0,1.0,3.0,6.0,0.0,0.0,1.0,0.0,0.0,0.0,0.0,0.0,0.0,0.0,0.0,0.0,1.0,0.0,0.0,0.0,1.0,0.0,1.0,0.0,0.0,0.0,1.0,1.0,0.0,0.0,6.0
15.0,4.0,3.0,2.0,4.0,0.0,2.0,2.0,2.0,1.0,1.0,3.0,0.0,0.0,1.0,1.0,0.0,1.0,0.0,0.0,0.0,1.0,0.0,0.0,1.0,0.0,0.0,0.0,0.0,0.0,0.0,1.0,1.0,0.0,0.0,1.0,1.0,1.0,0.0,0.0
15.0,4.0,2.0,1.0,1.0,0.0,3.0,5.0,2.0,1.0,1.0,3.0,10.0,0.0,1.0,1.0,1.0,1.0,0.0,0.0,0.0,1.0,0.0,1.0,0.0,0.0,0.0,0.0,0.0,1.0,0.0,0.0,0.0,0.0,0.0,1.0,1.0,1.0,0.0,19.0
16.0,2.0,2.0,1.0,4.0,0.0,5.0,2.0,3.0,1.0,3.0,3.0,0.0,0.0,0.0,1.0,0.0,1.0,0.0,1.0,0.0,0.0,0.0,1.0,0.0,0.0,0.0,0.0,1.0,1.0,0.0,0.0,0.0,1.0,0.0,1.0,1.0,1.0,1.0,11.0
15.0,3.0,3.0,1.0,2.0,0.0,5.0,3.0,2.0,1.0,1.0,2.0,0.0,0.0,1.0,1.0,1.0,1.0,0.0,1.0,0.0,0.0,0.0,1.0,0.0,0.0,0.0,0.0,0.0,1.0,0.0,0.0,0.0,0.0,1.0,0.0,1.0,1.0,0.0,12.0
16.0,4.0,4.0,1.0,3.0,0.0,4.0,4.0,3.0,1.0,1.0,4.0,0.0,0.0,1.0,1.0,0.0,1.0,0.0,0.0,1.0,0.0,0.0,0.0,0.0,1.0,0.0,1.0,0.0,0.0,0.0,0.0,1.0,0.0,1.0,1.0,1.0,1.0,1.0,17.0
15.0,4.0,0.0,2.0,4.0,0.0,3.0,4.0,3.0,1.0,1.0,1.0,8.0,0.0,1.0,1.0,0.0,1.0,0.0,0.0,0.0,1.0,0.0,1.0,0.0,0.0,0.0,0.0,0.0,1.0,0.0,0.0,0.0,0.0,1.0,1.0,1.0,1.0,0.0,10.0
19.0,4.0,4.0,2.0,1.0,1.0,4.0,3.0,4.0,1.0,1.0,4.0,38.0,0.0,1.0,1.0,0.0,1.0,0.0,0.0,0.0,1.0,0.0,0.0,1.0,0.0,0.0,0.0,1.0,0.0,1.0,0.0,1.0,1.0,0.0,1.0,1.0,1.0,1.0,8.0
18.0,1.0,1.0,4.0,3.0,0.0,4.0,3.0,2.0,1.0,2.0,4.0,2.0,1.0,0.0,0.0,0.0,1.0,0.0,1.0,0.0,0.0,0.0,1.0,0.0,0.0,1.0,0.0,0.0,1.0,0.0,0.0,0.0,0.0,0.0,1.0,1.0,1.0,0.0,10.0
17.0,4.0,3.0,1.0,3.0,0.0,4.0,2.0,2.0,1.0,2.0,3.0,0.0,0.0,0.0,1.0,0.0,1.0,1.0,0.0,0.0,0.0,0.0,0.0,1.0,0.0,0.0,0.0,1.0,1.0,0.0,0.0,1.0,1.0,0.0,1.0,1.0,1.0,0.0,15.0
17.0,4.0,4.0,2.0,2.0,0.0,4.0,3.0,3.0,1.0,2.0,5.0,4.0,1.0,0.0,0.0,0.0,1.0,0.0,0.0,0.0,1.0,0.0,0.0,1.0,0.0,0.0,1.0,0.0,0.0,0.0,0.0,1.0,1.0,1.0,1.0,1.0,1.0,0.0,13.0
16.0,3.0,3.0,1.0,3.0,0.0,4.0,3.0,3.0,1.0,3.0,4.0,0.0,0.0,0.0,1.0,0.0,1.0,0.0,1.0,0.0,0.0,0.0,1.0,0.0,0.0,1.0,0.0,0.0,1.0,0.0,0.0,1.0,1.0,0.0,1.0,1.0,1.0,1.0,8.0
18.0,4.0,2.0,2.0,1.0,1.0,5.0,4.0,3.0,4.0,3.0,3.0,14.0,1.0,1.0,0.0,0.0,1.0,0.0,1.0,0.0,0.0,0.0,1.0,0.0,0.0,1.0,0.0,0.0,0.0,0.0,0.0,0.0,1.0,0.0,1.0,1.0,0.0,0.0,5.0
16.0,3.0,3.0,2.0,1.0,2.0,4.0,3.0,2.0,1.0,1.0,5.0,0.0,0.0,0.0,1.0,0.0,0.0,0.0,1.0,0.0,0.0,0.0,1.0,0.0,0.0,0.0,0.0,0.0,0.0,1.0,0.0,1.0,0.0,1.0,0.0,1.0,1.0,1.0,0.0
15.0,4.0,4.0,1.0,2.0,0.0,3.0,2.0,2.0,1.0,1.0,5.0,4.0,0.0,1.0,1.0,0.0,1.0,0.0,0.0,0.0,1.0,1.0,0.0,0.0,0.0,0.0,0.0,1.0,1.0,0.0,0.0,1.0,0.0,1.0,1.0,1.0,0.0,0.0,15.0
16.0,3.0,1.0,1.0,1.0,0.0,5.0,3.0,2.0,2.0,2.0,5.0,2.0,0.0,1.0,1.0,0.0,1.0,0.0,1.0,0.0,0.0,0.0,1.0,0.0,0.0,0.0,0.0,1.0,1.0,0.0,0.0,0.0,0.0,1.0,1.0,1.0,0.0,0.0,14.0
16.0,2.0,2.0,1.0,1.0,2.0,1.0,2.0,2.0,1.0,3.0,5.0,14.0,0.0,0.0,1.0,0.0,1.0,0.0,0.0,1.0,0.0,0.0,0.0,1.0,0.0,1.0,0.0,0.0,1.0,0.0,0.0,1.0,1.0,0.0,0.0,1.0,1.0,0.0,8.0
15.0,1.0,1.0,1.0,2.0,2.0,3.0,3.0,4.0,2.0,4.0,5.0,2.0,0.0,0.0,0.0,0.0,1.0,0.0,1.0,0.0,0.0,0.0,1.0,0.0,0.0,0.0,0.0,1.0,1.0,0.0,1.0,1.0,0.0,0.0,0.0,1.0,1.0,1.0,5.0
15.0,1.0,1.0,1.0,2.0,0.0,4.0,4.0,2.0,1.0,2.0,5.0,0.0,0.0,0.0,1.0,0.0,1.0,0.0,1.0,0.0,0.0,0.0,0.0,1.0,0.0,0.0,0.0,0.0,0.0,0.0,0.0,1.0,1.0,0.0,1.0,1.0,1.0,0.0,11.0
17.0,4.0,4.0,2.0,3.0,0.0,4.0,3.0,3.0,1.0,2.0,4.0,4.0,0.0,0.0,1.0,0.0,1.0,0.0,0.0,0.0,1.0,0.0,0.0,0.0,1.0,0.0,0.0,0.0,1.0,0.0,0.0,1.0,1.0,0.0,0.0,1.0,1.0,1.0,14.0
16.0,2.0,2.0,2.0,1.0,2.0,2.0,3.0,3.0,2.0,2.0,2.0,8.0,0.0,1.0,1.0,1.0,1.0,0.0,0.0,1.0,0.0,0.0,0.0,1.0,0.0,0.0,0.0,1.0,0.0,0.0,0.0,1.0,0.0,1.0,1.0,1.0,1.0,0.0,9.0
16.0,2.0,2.0,3.0,1.0,0.0,4.0,2.0,2.0,1.0,2.0,3.0,2.0,0.0,1.0,0.0,0.0,1.0,0.0,0.0,0.0,0.0,0.0,1.0,0.0,0.0,0.0,0.0,0.0,1.0,0.0,0.0,0.0,0.0,0.0,0.0,1.0,0.0,0.0,15.0
16.0,4.0,2.0,2.0,2.0,0.0,5.0,3.0,3.0,1.0,1.0,1.0,0.0,0.0,0.0,1.0,0.0,1.0,0.0,0.0,0.0,1.0,0.0,0.0,1.0,0.0,1.0,0.0,0.0,1.0,0.0,0.0,1.0,1.0,1.0,1.0,1.0,1.0,0.0,10.0
16.0,3.0,3.0,1.0,2.0,0.0,2.0,3.0,5.0,1.0,4.0,3.0,12.0,0.0,0.0,1.0,1.0,0.0,0.0,1.0,0.0,0.0,0.0,0.0,1.0,0.0,1.0,0.0,0.0,1.0,0.0,0.0,1.0,0.0,0.0,1.0,1.0,1.0,0.0,11.0
19.0,3.0,3.0,1.0,2.0,1.0,4.0,4.0,4.0,1.0,1.0,3.0,20.0,0.0,1.0,1.0,0.0,1.0,0.0,1.0,0.0,0.0,0.0,1.0,0.0,0.0,1.0,0.0,0.0,0.0,1.0,0.0,1.0,0.0,1.0,1.0,1.0,1.0,1.0,13.0
15.0,4.0,4.0,4.0,4.0,0.0,1.0,3.0,5.0,3.0,5.0,1.0,6.0,0.0,1.0,0.0,0.0,1.0,0.0,1.0,0.0,0.0,0.0,1.0,0.0,0.0,1.0,0.0,0.0,0.0,0.0,0.0,1.0,1.0,1.0,1.0,1.0,1.0,1.0,13.0
17.0,4.0,4.0,1.0,1.0,0.0,5.0,2.0,3.0,1.0,2.0,5.0,4.0,0.0,1.0,1.0,0.0,1.0,0.0,0.0,1.0,0.0,0.0,0.0,0.0,1.0,1.0,0.0,0.0,1.0,0.0,0.0,0.0,0.0,0.0,1.0,1.0,1.0,0.0,16.0
15.0,2.0,2.0,1.0,1.0,0.0,4.0,3.0,1.0,1.0,1.0,2.0,8.0,0.0,0.0,0.0,0.0,1.0,0.0,0.0,0.0,0.0,0.0,1.0,0.0,0.0,0.0,0.0,1.0,1.0,0.0,1.0,1.0,1.0,1.0,1.0,1.0,0.0,0.0,13.0
15.0,4.0,3.0,1.0,2.0,0.0,4.0,3.0,2.0,1.0,1.0,1.0,0.0,0.0,0.0,1.0,0.0,0.0,0.0,0.0,1.0,0.0,0.0,0.0,1.0,0.0,0.0,0.0,1.0,1.0,0.0,0.0,1.0,1.0,1.0,1.0,1.0,1.0,0.0,15.0
15.0,4.0,4.0,1.0,2.0,0.0,5.0,4.0,2.0,3.0,4.0,5.0,0.0,0.0,1.0,1.0,0.0,1.0,1.0,0.0,0.0,0.0,0.0,0.0,1.0,0.0,1.0,0.0,0.0,1.0,0.0,0.0,1.0,1.0,0.0,0.0,1.0,1.0,0.0,12.0
18.0,4.0,4.0,1.0,2.0,0.0,5.0,4.0,3.0,3.0,4.0,2.0,4.0,1.0,0.0,0.0,1.0,1.0,0.0,0.0,0.0,1.0,0.0,0.0,1.0,0.0,0.0,0.0,0.0,1.0,0.0,0.0,0.0,1.0,1.0,1.0,1.0,1.0,0.0,10.0
18.0,4.0,4.0,3.0,1.0,0.0,4.0,4.0,3.0,2.0,2.0,5.0,7.0,1.0,0.0,0.0,0.0,1.0,0.0,0.0,0.0,1.0,0.0,0.0,0.0,0.0,0.0,0.0,1.0,1.0,0.0,0.0,1.0,1.0,1.0,1.0,1.0,1.0,1.0,6.0
17.0,2.0,2.0,1.0,1.0,0.0,3.0,4.0,4.0,1.0,3.0,5.0,12.0,0.0,0.0,1.0,1.0,1.0,0.0,1.0,0.0,0.0,0.0,1.0,0.0,0.0,0.0,0.0,0.0,0.0,0.0,0.0,1.0,0.0,0.0,1.0,1.0,1.0,1.0,12.0
17.0,1.0,1.0,1.0,2.0,0.0,4.0,3.0,3.0,1.0,2.0,4.0,2.0,0.0,1.0,1.0,0.0,1.0,0.0,1.0,0.0,0.0,0.0,1.0,0.0,0.0,0.0,0.0,1.0,0.0,0.0,0.0,0.0,1.0,0.0,0.0,1.0,1.0,0.0,11.0
16.0,2.0,2.0,1.0,2.0,0.0,5.0,1.0,5.0,1.0,1.0,4.0,0.0,0.0,0.0,1.0,0.0,1.0,0.0,1.0,0.0,0.0,0.0,1.0,0.0,0.0,1.0,0.0,0.0,1.0,0.0,0.0,1.0,1.0,0.0,0.0,1.0,1.0,0.0,0.0
16.0,4.0,2.0,1.0,2.0,0.0,4.0,5.0,1.0,1.0,3.0,5.0,2.0,0.0,1.0,1.0,1.0,1.0,0.0,0.0,0.0,1.0,0.0,1.0,0.0,0.0,0.0,0.0,0.0,1.0,0.0,0.0,0.0,0.0,1.0,1.0,1.0,1.0,0.0,16.0
15.0,4.0,4.0,2.0,2.0,0.0,4.0,3.0,1.0,1.0,1.0,5.0,0.0,0.0,1.0,1.0,0.0,1.0,0.0,0.0,1.0,0.0,0.0,0.0,1.0,0.0,0.0,0.0,1.0,1.0,0.0,0.0,1.0,0.0,1.0,1.0,1.0,1.0,0.0,17.0
15.0,2.0,2.0,1.0,4.0,0.0,4.0,3.0,4.0,1.0,1.0,4.0,6.0,0.0,1.0,1.0,1.0,1.0,0.0,0.0,1.0,0.0,1.0,0.0,0.0,0.0,0.0,0.0,1.0,1.0,0.0,0.0,1.0,0.0,1.0,1.0,1.0,1.0,0.0,14.0
16.0,3.0,3.0,1.0,1.0,0.0,4.0,3.0,2.0,3.0,4.0,5.0,8.0,0.0,1.0,0.0,0.0,1.0,0.0,0.0,1.0,0.0,0.0,0.0,1.0,0.0,0.0,0.0,1.0,1.0,0.0,0.0,1.0,0.0,1.0,1.0,1.0,1.0,0.0,10.0
18.0,1.0,1.0,3.0,1.0,3.0,5.0,2.0,5.0,1.0,5.0,4.0,6.0,0.0,0.0,0.0,0.0,1.0,0.0,0.0,0.0,0.0,0.0,1.0,0.0,0.0,0.0,0.0,0.0,1.0,0.0,0.0,1.0,0.0,1.0,0.0,1.0,0.0,0.0,10.0
17.0,3.0,3.0,1.0,2.0,0.0,4.0,3.0,4.0,1.0,4.0,4.0,4.0,0.0,1.0,1.0,0.0,1.0,0.0,1.0,0.0,0.0,0.0,1.0,0.0,0.0,0.0,0.0,1.0,0.0,0.0,0.0,0.0,0.0,1.0,0.0,1.0,1.0,0.0,6.0
19.0,3.0,2.0,2.0,2.0,2.0,3.0,2.0,2.0,1.0,1.0,3.0,4.0,1.0,0.0,1.0,1.0,1.0,0.0,0.0,1.0,0.0,0.0,0.0,1.0,0.0,1.0,0.0,0.0,0.0,1.0,0.0,0.0,0.0,1.0,1.0,1.0,0.0,1.0,9.0
17.0,2.0,4.0,1.0,2.0,0.0,5.0,4.0,2.0,2.0,3.0,5.0,0.0,0.0,0.0,1.0,0.0,1.0,0.0,0.0,1.0,0.0,0.0,0.0,1.0,0.0,0.0,0.0,1.0,0.0,0.0,0.0,1.0,0.0,1.0,1.0,1.0,0.0,0.0,17.0
17.0,1.0,1.0,2.0,1.0,1.0,4.0,4.0,4.0,1.0,2.0,5.0,2.0,0.0,1.0,1.0,1.0,1.0,1.0,0.0,0.0,0.0,0.0,1.0,0.0,0.0,0.0,0.0,0.0,1.0,0.0,0.0,1.0,0.0,1.0,1.0,1.0,1.0,0.0,8.0
18.0,1.0,1.0,2.0,1.0,0.0,3.0,3.0,2.0,1.0,2.0,3.0,4.0,1.0,1.0,1.0,1.0,1.0,0.0,1.0,0.0,0.0,0.0,0.0,1.0,0.0,1.0,0.0,0.0,0.0,0.0,0.0,0.0,0.0,0.0,0.0,1.0,1.0,1.0,10.0
18.0,4.0,3.0,1.0,3.0,0.0,4.0,3.0,4.0,1.0,1.0,5.0,9.0,0.0,0.0,1.0,0.0,1.0,0.0,1.0,0.0,0.0,0.0,1.0,0.0,0.0,0.0,0.0,0.0,1.0,0.0,0.0,1.0,1.0,1.0,1.0,1.0,1.0,1.0,9.0
16.0,4.0,3.0,1.0,2.0,0.0,5.0,4.0,2.0,1.0,2.0,5.0,10.0,0.0,1.0,1.0,1.0,1.0,0.0,0.0,1.0,0.0,0.0,1.0,0.0,0.0,0.0,0.0,1.0,1.0,0.0,0.0,1.0,1.0,1.0,1.0,1.0,1.0,0.0,15.0
15.0,4.0,3.0,1.0,2.0,0.0,5.0,2.0,2.0,1.0,1.0,5.0,8.0,0.0,0.0,1.0,1.0,0.0,0.0,1.0,0.0,0.0,0.0,1.0,0.0,0.0,0.0,0.0,0.0,1.0,0.0,1.0,1.0,1.0,1.0,1.0,1.0,1.0,1.0,6.0
15.0,1.0,1.0,1.0,2.0,0.0,4.0,3.0,2.0,2.0,3.0,4.0,2.0,0.0,0.0,1.0,0.0,1.0,0.0,1.0,0.0,0.0,0.0,1.0,0.0,0.0,1.0,0.0,0.0,0.0,0.0,0.0,1.0,0.0,1.0,0.0,1.0,1.0,0.0,10.0
18.0,4.0,4.0,1.0,2.0,0.0,5.0,4.0,3.0,1.0,1.0,2.0,9.0,0.0,1.0,1.0,1.0,0.0,0.0,0.0,0.0,1.0,0.0,0.0,0.0,1.0,0.0,0.0,1.0,1.0,0.0,0.0,1.0,1.0,1.0,1.0,1.0,1.0,0.0,15.0
15.0,4.0,4.0,1.0,1.0,0.0,5.0,5.0,3.0,1.0,1.0,4.0,6.0,0.0,1.0,1.0,1.0,0.0,0.0,0.0,0.0,1.0,0.0,0.0,0.0,1.0,0.0,0.0,0.0,1.0,0.0,0.0,0.0,0.0,1.0,1.0,1.0,1.0,0.0,19.0
17.0,1.0,2.0,2.0,2.0,0.0,3.0,2.0,2.0,1.0,2.0,3.0,0.0,1.0,0.0,0.0,0.0,1.0,0.0,1.0,0.0,0.0,0.0,0.0,1.0,0.0,0.0,0.0,0.0,0.0,0.0,0.0,0.0,0.0,0.0,0.0,1.0,0.0,0.0,12.0
15.0,3.0,2.0,1.0,2.0,0.0,4.0,4.0,4.0,1.0,1.0,5.0,10.0,0.0,0.0,1.0,1.0,1.0,0.0,0.0,1.0,0.0,0.0,1.0,0.0,0.0,0.0,0.0,1.0,1.0,0.0,0.0,1.0,1.0,0.0,1.0,1.0,1.0,0.0,6.0
15.0,2.0,1.0,1.0,2.0,0.0,5.0,4.0,2.0,1.0,1.0,5.0,8.0,0.0,1.0,0.0,0.0,1.0,1.0,0.0,0.0,0.0,0.0,0.0,1.0,0.0,0.0,0.0,1.0,1.0,0.0,0.0,0.0,0.0,1.0,1.0,1.0,1.0,1.0,9.0
15.0,4.0,2.0,1.0,3.0,0.0,3.0,2.0,2.0,1.0,1.0,5.0,2.0,0.0,0.0,1.0,0.0,1.0,1.0,0.0,0.0,0.0,0.0,0.0,1.0,0.0,1.0,0.0,0.0,1.0,0.0,0.0,1.0,1.0,1.0,1.0,1.0,1.0,1.0,15.0
17.0,3.0,2.0,1.0,1.0,3.0,5.0,5.0,5.0,2.0,4.0,5.0,16.0,0.0,1.0,1.0,0.0,1.0,0.0,0.0,1.0,0.0,0.0,0.0,1.0,0.0,0.0,0.0,0.0,1.0,0.0,0.0,1.0,0.0,1.0,1.0,1.0,1.0,0.0,5.0
